orig_slo,slo_type,insertion_time,wait_time,prompt_tok,out_tok,total_tok,ttft,tbt_p95,tbt_p99,tbt_slo,tbt_violation,tbt_success_rate_pct,ttlt,diff,violation,total_violation,finished_time,success_rate_pct,success_count,processed_count,kv,run_cnt,wait_cnt,swap_cnt,vram_used_gib,vram_total_gib,vq_id,vq_groups,head_deadline,slack,model,deadlines
200.0,1,1769445645.3229,0.0467,2906,0,2906,,,,200.0,,,13.4102,-186.5431,0.0,0.0,1769445659.5472867,100.0,1,1,0.0,0,0,0,6.43,15.0,0,337,1769445647.447,-6.835,meta-llama/Llama-3.2-1B-Instruct,"1769445647.447, 1769445647.497, 1769445647.548, 1769445647.562, 1769445647.575"
200.0,1,1769445645.8012,0.0395,2808,27,2835,12.9476,0.093,0.6633,200.0,0.0,100.0,15.028,-184.9325,0.0,0.0,1769445660.8824685,100.0,2,2,0.0,0,0,0,6.72,15.0,0,544,1769445647.605,-11.944,meta-llama/Llama-3.2-1B-Instruct,"1769445647.605, 1769445647.677, 1769445647.699, 1769445647.716, 1769445647.729"
200.0,1,1769445644.6097,0.0367,2597,95,2692,14.156,0.0913,0.7008,200.0,0.0,100.0,20.9233,-179.04,0.0,0.0,1769445665.586842,100.0,3,3,0.0,0,0,0,6.43,15.0,0,544,1769445647.605,-11.944,meta-llama/Llama-3.2-1B-Instruct,"1769445651.910, 1769445651.949, 1769445652.034, 1769445652.048, 1769445652.060"
200.0,1,1769445646.1884,0.0377,2608,42,2650,15.0207,0.0878,2.3411,200.0,0.0,100.0,20.0199,-179.9424,0.0,0.0,1769445666.2586808,100.0,4,4,0.0,0,0,0,6.72,15.0,0,544,1769445647.605,-11.944,meta-llama/Llama-3.2-1B-Instruct,"1769445651.910, 1769445651.949, 1769445652.034, 1769445652.048, 1769445652.060"
200.0,1,1769445644.4808,0.0439,2944,718,3662,14.2418,0.0901,0.3041,200.0,0.0,100.0,63.0344,-136.9217,0.0,0.0,1769445707.579795,100.0,5,5,0.0,0,0,0,6.43,15.0,0,544,1769445848.605,142.684,meta-llama/Llama-3.2-1B-Instruct,"1769445848.605, 1769445848.635, 1769445848.673, 1769445848.699, 1769445848.734"
200.0,1,1769445645.0731,0.0349,3069,951,4020,13.6914,0.0847,0.3079,200.0,0.0,100.0,77.9934,-121.9717,0.0,0.0,1769445723.1182358,100.0,6,6,0.0,0,0,0,6.43,15.0,0,679,1769445719.782,-1.232,meta-llama/Llama-3.2-1B-Instruct,"1769445719.782, 1769445719.983, 1769445720.164, 1769445720.429, 1769445720.502"
200.0,1,1769445644.2568,0.1158,3324,1031,4355,2.3252,0.0866,0.2975,200.0,0.0,100.0,83.4879,-116.3963,0.0,0.0,1769445727.8838549,100.0,8,8,0.0,0,0,0,6.29,15.0,0,719,1769445724.714,-1.329,meta-llama/Llama-3.2-1B-Instruct,"1769445724.714, 1769445724.759, 1769445724.789, 1769445724.832, 1769445724.918"
200.0,1,1769445644.3339,0.0398,2934,1023,3957,2.3222,0.0863,0.288,200.0,0.0,100.0,83.5036,-116.4565,0.0,0.0,1769445727.894114,100.0,8,8,0.0,0,0,0,6.29,15.0,0,719,1769445724.714,-1.329,meta-llama/Llama-3.2-1B-Instruct,"1769445724.714, 1769445724.759, 1769445724.789, 1769445724.832, 1769445724.918"
200.0,1,1769445645.1787,0.0612,3653,1023,4676,13.5259,0.0877,0.2788,200.0,0.0,100.0,82.7089,-117.2299,0.0,0.0,1769445727.970282,100.0,24,24,0.0,0,0,0,6.43,15.0,0,719,1769445724.714,-1.329,meta-llama/Llama-3.2-1B-Instruct,"1769445724.714, 1769445724.759, 1769445724.789, 1769445724.832, 1769445724.918"
200.0,1,1769445645.9494,0.0386,2402,1023,3425,12.7872,0.0863,0.2867,200.0,0.0,100.0,81.9675,-117.9939,0.0,0.0,1769445727.9784288,100.0,30,30,0.0,0,0,0,6.72,15.0,0,719,1769445724.714,-1.329,meta-llama/Llama-3.2-1B-Instruct,"1769445724.714, 1769445724.759, 1769445724.789, 1769445724.832, 1769445724.918"
200.0,1,1769445645.2131,0.0614,2801,1028,3829,13.4981,0.087,0.2778,200.0,0.0,100.0,82.6844,-117.2542,0.0,0.0,1769445727.9797852,100.0,30,30,0.0,0,0,0,6.43,15.0,0,719,1769445724.714,-1.329,meta-llama/Llama-3.2-1B-Instruct,"1769445724.714, 1769445724.759, 1769445724.789, 1769445724.832, 1769445724.918"
200.0,1,1769445645.359,0.0324,2808,1018,3826,13.3878,0.0868,0.2653,200.0,0.0,100.0,82.5633,-117.4043,0.0,0.0,1769445727.9804416,100.0,30,30,0.0,0,0,0,6.43,15.0,0,719,1769445724.714,-1.329,meta-llama/Llama-3.2-1B-Instruct,"1769445724.714, 1769445724.759, 1769445724.789, 1769445724.832, 1769445724.918"
200.0,1,1769445644.6965,0.0352,3648,1025,4673,14.0698,0.0883,0.2562,200.0,0.0,100.0,83.2213,-116.7435,0.0,0.0,1769445727.981712,100.0,30,30,0.0,0,0,0,6.43,15.0,0,719,1769445724.714,-1.329,meta-llama/Llama-3.2-1B-Instruct,"1769445724.714, 1769445724.759, 1769445724.789, 1769445724.832, 1769445724.918"
200.0,1,1769445644.8806,0.0353,3556,1027,4583,13.8538,0.0861,0.2747,200.0,0.0,100.0,83.0336,-116.9311,0.0,0.0,1769445727.9826722,100.0,30,30,0.0,0,0,0,6.43,15.0,0,719,1769445724.714,-1.329,meta-llama/Llama-3.2-1B-Instruct,"1769445724.714, 1769445724.759, 1769445724.789, 1769445724.832, 1769445724.918"
200.0,1,1769445645.2422,0.0632,2664,1024,3688,13.4731,0.0872,0.271,200.0,0.0,100.0,82.6483,-117.2885,0.0,0.0,1769445727.9840682,100.0,30,30,0.0,0,0,0,6.43,15.0,0,719,1769445724.714,-1.329,meta-llama/Llama-3.2-1B-Instruct,"1769445724.714, 1769445724.759, 1769445724.789, 1769445724.832, 1769445724.918"
200.0,1,1769445645.5655,0.0349,2899,1029,3928,13.167,0.0868,0.285,200.0,0.0,100.0,82.3503,-117.6148,0.0,0.0,1769445727.9844642,100.0,30,30,0.0,0,0,0,6.43,15.0,0,719,1769445724.714,-1.329,meta-llama/Llama-3.2-1B-Instruct,"1769445724.714, 1769445724.759, 1769445724.789, 1769445724.832, 1769445724.918"
200.0,1,1769445645.408,0.0355,3079,1023,4102,13.3379,0.0848,0.2915,200.0,0.0,100.0,82.5129,-117.4517,0.0,0.0,1769445727.9863937,100.0,30,30,0.0,0,0,0,6.43,15.0,0,719,1769445724.714,-1.329,meta-llama/Llama-3.2-1B-Instruct,"1769445724.714, 1769445724.759, 1769445724.789, 1769445724.832, 1769445724.918"
200.0,1,1769445644.5467,0.0353,3165,1025,4190,14.1999,0.0864,0.2857,200.0,0.0,100.0,83.3839,-116.5808,0.0,0.0,1769445727.987561,100.0,30,30,0.0,0,0,0,6.43,15.0,0,719,1769445724.714,-1.329,meta-llama/Llama-3.2-1B-Instruct,"1769445724.714, 1769445724.759, 1769445724.789, 1769445724.832, 1769445724.918"
200.0,1,1769445645.906,0.0375,4900,1026,5926,12.8278,0.09,0.2889,200.0,0.0,100.0,82.0192,-117.9433,0.0,0.0,1769445727.9883742,100.0,30,30,0.0,0,0,0,6.72,15.0,0,719,1769445724.714,-1.329,meta-llama/Llama-3.2-1B-Instruct,"1769445724.714, 1769445724.759, 1769445724.789, 1769445724.832, 1769445724.918"
200.0,1,1769445644.9776,0.0634,3025,1021,4046,13.7452,0.0865,0.2865,200.0,0.0,100.0,82.9171,-117.0195,0.0,0.0,1769445727.9896798,100.0,30,30,0.0,0,0,0,6.43,15.0,0,719,1769445724.714,-1.329,meta-llama/Llama-3.2-1B-Instruct,"1769445724.714, 1769445724.759, 1769445724.789, 1769445724.832, 1769445724.918"
200.0,1,1769445645.852,0.038,2972,1029,4001,12.8907,0.0855,0.2901,200.0,0.0,100.0,82.0767,-117.8853,0.0,0.0,1769445727.9911463,100.0,30,30,0.0,0,0,0,6.72,15.0,0,719,1769445724.714,-1.329,meta-llama/Llama-3.2-1B-Instruct,"1769445724.714, 1769445724.759, 1769445724.789, 1769445724.832, 1769445724.918"
200.0,1,1769445644.6495,0.0336,4467,1024,5491,14.1006,0.0855,0.2961,200.0,0.0,100.0,83.2884,-116.678,0.0,0.0,1769445727.9961848,100.0,30,30,0.0,0,0,0,6.43,15.0,0,719,1769445724.714,-1.329,meta-llama/Llama-3.2-1B-Instruct,"1769445724.714, 1769445724.759, 1769445724.789, 1769445724.832, 1769445724.918"
200.0,1,1769445645.5336,0.0368,2429,1029,3458,13.2329,0.085,0.2995,200.0,0.0,100.0,82.397,-117.5662,0.0,0.0,1769445727.9966874,100.0,30,30,0.0,0,0,0,6.43,15.0,0,719,1769445724.714,-1.329,meta-llama/Llama-3.2-1B-Instruct,"1769445724.714, 1769445724.759, 1769445724.789, 1769445724.832, 1769445724.918"
200.0,1,1769445644.5796,0.033,2938,1021,3959,14.162,0.0882,0.2921,200.0,0.0,100.0,83.3643,-116.6027,0.0,0.0,1769445727.9982412,100.0,30,30,0.0,0,0,0,6.43,15.0,0,719,1769445724.714,-1.329,meta-llama/Llama-3.2-1B-Instruct,"1769445724.714, 1769445724.759, 1769445724.789, 1769445724.832, 1769445724.918"
200.0,1,1769445644.9335,0.0326,3966,1029,4995,13.825,0.0861,0.2881,200.0,0.0,100.0,83.0023,-116.9651,0.0,0.0,1769445727.9988945,100.0,30,30,0.0,0,0,0,6.43,15.0,0,719,1769445724.714,-1.329,meta-llama/Llama-3.2-1B-Instruct,"1769445724.714, 1769445724.759, 1769445724.789, 1769445724.832, 1769445724.918"
200.0,1,1769445645.0437,0.0344,3283,1025,4308,13.7064,0.0866,0.2976,200.0,0.0,100.0,82.8997,-117.0659,0.0,0.0,1769445728.0004194,100.0,30,30,0.0,0,0,0,6.43,15.0,0,719,1769445724.714,-1.329,meta-llama/Llama-3.2-1B-Instruct,"1769445724.714, 1769445724.759, 1769445724.789, 1769445724.832, 1769445724.918"
200.0,1,1769445645.1057,0.129,4467,1025,5492,13.5522,0.0853,0.296,200.0,0.0,100.0,82.7409,-117.1301,0.0,0.0,1769445728.0009024,100.0,30,30,0.0,0,0,0,6.43,15.0,0,719,1769445724.714,-1.329,meta-llama/Llama-3.2-1B-Instruct,"1769445724.714, 1769445724.759, 1769445724.789, 1769445724.832, 1769445724.918"
200.0,1,1769445646.3279,0.147,3059,0,3059,,,,200.0,,,95.6851,-104.1679,0.0,0.0,1769445742.2056735,100.0,32,32,0.0,0,0,0,6.72,15.0,0,1053,1769445730.458,-10.649,meta-llama/Llama-3.2-1B-Instruct,"1769445730.458, 1769445730.717, 1769445730.745, 1769445730.770, 1769445730.884"
200.0,1,1769445647.9566,54.4689,2714,0,2714,,,,200.0,,,39.7472,-105.7839,0.0,0.0,1769445742.2058444,100.0,32,32,0.989,27,26,0,13.17,15.0,0,1053,1769445730.458,-10.649,meta-llama/Llama-3.2-1B-Instruct,"1769445730.458, 1769445730.717, 1769445730.745, 1769445730.770, 1769445730.884"
200.0,1,1769445646.3872,52.8151,3240,28,3268,42.9561,0.0981,0.5736,200.0,0.0,100.0,45.3843,-101.8005,0.0,0.0,1769445744.6135864,100.0,33,33,0.992,27,6,0,13.17,15.0,0,1053,1769445730.458,-10.649,meta-llama/Llama-3.2-1B-Instruct,"1769445730.458, 1769445730.717, 1769445730.745, 1769445730.770, 1769445730.884"
200.0,1,1769445646.4696,53.208,2680,48,2728,42.5212,0.4846,0.5811,200.0,0.0,100.0,47.0068,-99.7853,0.0,0.0,1769445746.778289,100.0,34,34,0.995,27,8,0,13.17,15.0,0,1084,1769445734.365,-12.389,meta-llama/Llama-3.2-1B-Instruct,"1769445734.365, 1769445734.422, 1769445734.445, 1769445734.504, 1769445734.530"
200.0,1,1769445647.7053,53.7141,2976,190,3166,40.7886,0.0901,0.5232,200.0,0.0,100.0,54.8286,-91.4573,0.0,0.0,1769445756.2638311,100.0,35,35,0.985,27,17,0,13.17,15.0,0,1084,1769445739.492,-12.265,meta-llama/Llama-3.2-1B-Instruct,"1769445739.492, 1769445739.519, 1769445739.711, 1769445739.815, 1769445739.884"
200.0,1,1769445646.0958,0.0377,2756,1034,3790,12.6628,0.0887,0.5188,200.0,0.0,100.0,120.7202,-79.2421,0.0,0.0,1769445766.8699284,100.0,36,36,0.0,0,0,0,6.72,15.0,0,1084,1769445764.114,-2.744,meta-llama/Llama-3.2-1B-Instruct,"1769445764.114, 1769445764.185, 1769445765.381, 1769445765.459, 1769445765.592"
200.0,1,1769445646.0526,0.0311,4212,1033,5245,12.706,0.0888,0.3762,200.0,0.0,100.0,124.2687,-75.7003,0.0,0.0,1769445770.370305,100.0,37,37,0.0,0,0,0,6.72,15.0,0,1084,1769445764.114,-2.744,meta-llama/Llama-3.2-1B-Instruct,"1769445764.114, 1769445764.185, 1769445765.381, 1769445765.459, 1769445765.592"
200.0,1,1769445646.2745,0.042,3730,491,4221,95.8318,0.0918,0.432,200.0,0.0,100.0,131.7064,-68.2516,0.0,0.0,1769445778.037699,100.0,38,38,0.0,0,0,0,6.72,15.0,0,1110,1769445776.818,-0.224,meta-llama/Llama-3.2-1B-Instruct,"1769445776.818, 1769445776.847, 1769445776.951, 1769445777.046, 1769445777.136"
200.0,1,1769445646.1289,0.0361,3365,1030,4395,12.5967,0.0906,0.378,200.0,0.0,100.0,143.0334,-56.9305,0.0,0.0,1769445789.2161183,100.0,39,39,0.0,0,0,0,6.72,15.0,0,1257,1769445780.197,-6.901,meta-llama/Llama-3.2-1B-Instruct,"1769445780.197, 1769445780.298, 1769445780.379, 1769445780.437, 1769445780.557"
200.0,1,1769445646.8857,53.8978,3285,765,4050,41.3716,0.0896,0.3807,200.0,0.0,100.0,96.2749,-49.8274,0.0,0.0,1769445797.0722306,100.0,40,40,0.999,27,16,0,13.17,15.0,0,1321,1769445783.168,-8.944,meta-llama/Llama-3.2-1B-Instruct,"1769445783.168, 1769445783.352, 1769445783.477, 1769445784.029, 1769445784.262"
200.0,1,1769445646.1632,0.0378,3424,1026,4450,13.3935,0.0895,0.3807,200.0,0.0,100.0,151.8922,-48.07,0.0,0.0,1769445798.1094213,100.0,41,41,0.0,0,0,0,6.72,15.0,0,1378,1769445786.403,-10.743,meta-llama/Llama-3.2-1B-Instruct,"1769445786.403, 1769445786.461, 1769445786.883, 1769445787.005, 1769445787.060"
200.0,1,1769445646.2237,0.0388,2678,1036,3714,20.3491,0.0925,0.3971,200.0,0.0,100.0,165.0133,-34.9479,0.0,0.0,1769445811.2943037,100.0,42,42,0.0,0,0,0,6.72,15.0,0,1469,1769445793.761,-13.469,meta-llama/Llama-3.2-1B-Instruct,"1769445793.761, 1769445793.790, 1769445793.841, 1769445793.959, 1769445794.319"
200.0,1,1769445646.6629,53.4757,2735,1029,3764,42.0459,0.0883,0.4093,200.0,0.0,100.0,115.1079,-31.4164,0.0,0.0,1769445815.2740314,100.0,58,58,0.996,27,10,0,13.17,15.0,0,1515,1769445798.222,-14.027,meta-llama/Llama-3.2-1B-Instruct,"1769445798.222, 1769445798.299, 1769445798.328, 1769445798.362, 1769445798.521"
200.0,1,1769445646.4229,52.8429,2877,1028,3905,42.9265,0.0878,0.4054,200.0,0.0,100.0,115.9834,-31.1737,0.0,0.0,1769445815.2773182,100.0,60,60,0.993,27,6,0,13.17,15.0,0,1515,1769445798.222,-14.027,meta-llama/Llama-3.2-1B-Instruct,"1769445798.222, 1769445798.299, 1769445798.328, 1769445798.362, 1769445798.521"
200.0,1,1769445646.9284,54.2945,3516,1027,4543,40.9238,0.0884,0.3861,200.0,0.0,100.0,114.0229,-31.6826,0.0,0.0,1769445815.2888544,100.0,62,62,0.985,27,17,0,13.17,15.0,0,1515,1769445798.222,-14.027,meta-llama/Llama-3.2-1B-Instruct,"1769445798.222, 1769445798.299, 1769445798.328, 1769445798.362, 1769445798.521"
200.0,1,1769445646.833,53.6446,2499,1027,3526,41.7332,0.0875,0.3993,200.0,0.0,100.0,114.7853,-31.57,0.0,0.0,1769445815.2932582,100.0,62,62,0.997,27,13,0,13.17,15.0,0,1515,1769445798.222,-14.027,meta-llama/Llama-3.2-1B-Instruct,"1769445798.222, 1769445798.299, 1769445798.328, 1769445798.362, 1769445798.521"
200.0,1,1769445647.9829,54.5242,2889,1029,3918,39.6629,0.0875,0.4039,200.0,0.0,100.0,112.7427,-32.7331,0.0,0.0,1769445815.2965739,100.0,62,62,0.99,27,27,0,13.17,15.0,0,1515,1769445798.222,-14.027,meta-llama/Llama-3.2-1B-Instruct,"1769445798.222, 1769445798.299, 1769445798.328, 1769445798.362, 1769445798.521"
200.0,1,1769445647.8506,53.9102,3109,1022,4131,40.437,0.0865,0.4072,200.0,0.0,100.0,113.4994,-32.5904,0.0,0.0,1769445815.2972293,100.0,62,62,0.986,27,23,0,13.17,15.0,0,1515,1769445798.222,-14.027,meta-llama/Llama-3.2-1B-Instruct,"1769445798.222, 1769445798.299, 1769445798.328, 1769445798.362, 1769445798.521"
200.0,1,1769445647.9174,54.323,3131,1025,4156,39.9542,0.0864,0.406,200.0,0.0,100.0,113.0326,-32.6445,0.0,0.0,1769445815.300289,100.0,62,62,0.988,27,25,0,13.17,15.0,0,1515,1769445798.222,-14.027,meta-llama/Llama-3.2-1B-Instruct,"1769445798.222, 1769445798.299, 1769445798.328, 1769445798.362, 1769445798.521"
200.0,1,1769445646.8095,53.5735,3069,1032,4101,41.8213,0.0872,0.3973,200.0,0.0,100.0,114.8828,-31.5437,0.0,0.0,1769445815.3014524,100.0,62,62,0.997,27,13,0,13.17,15.0,0,1515,1769445798.222,-14.027,meta-llama/Llama-3.2-1B-Instruct,"1769445798.222, 1769445798.299, 1769445798.328, 1769445798.362, 1769445798.521"
200.0,1,1769445647.8774,53.9923,4032,1033,5065,40.3399,0.0877,0.3989,200.0,0.0,100.0,113.4081,-32.5996,0.0,0.0,1769445815.3024926,100.0,62,62,0.986,27,24,0,13.17,15.0,0,1515,1769445798.222,-14.027,meta-llama/Llama-3.2-1B-Instruct,"1769445798.222, 1769445798.299, 1769445798.328, 1769445798.362, 1769445798.521"
200.0,1,1769445646.859,53.6817,3143,1030,4173,41.659,0.0876,0.4058,200.0,0.0,100.0,114.7352,-31.5831,0.0,0.0,1769445815.3035808,100.0,62,62,0.997,27,14,0,13.17,15.0,0,1515,1769445798.222,-14.027,meta-llama/Llama-3.2-1B-Instruct,"1769445798.222, 1769445798.299, 1769445798.328, 1769445798.362, 1769445798.521"
200.0,1,1769445647.0992,54.2387,5028,1024,6052,40.8336,0.0885,0.3762,200.0,0.0,100.0,113.9094,-31.8519,0.0,0.0,1769445815.3041072,100.0,62,62,0.985,27,17,0,13.17,15.0,0,1515,1769445798.222,-14.027,meta-llama/Llama-3.2-1B-Instruct,"1769445798.222, 1769445798.299, 1769445798.328, 1769445798.362, 1769445798.521"
200.0,1,1769445648.0583,54.7244,2771,1025,3796,39.369,0.0891,0.3958,200.0,0.0,100.0,112.4767,-32.7989,0.0,0.0,1769445815.3057573,100.0,62,62,0.99,27,28,0,13.17,15.0,0,1515,1769445798.222,-14.027,meta-llama/Llama-3.2-1B-Instruct,"1769445798.222, 1769445798.299, 1769445798.328, 1769445798.362, 1769445798.521"
200.0,1,1769445646.9553,54.3234,3339,1029,4368,40.9176,0.0895,0.4144,200.0,0.0,100.0,113.9966,-31.68,0.0,0.0,1769445815.3067713,100.0,62,62,0.985,27,17,0,13.17,15.0,0,1515,1769445798.222,-14.027,meta-llama/Llama-3.2-1B-Instruct,"1769445798.222, 1769445798.299, 1769445798.328, 1769445798.362, 1769445798.521"
200.0,1,1769445647.8226,53.7585,3323,1024,4347,40.6024,0.0874,0.4126,200.0,0.0,100.0,113.7045,-32.537,0.0,0.0,1769445815.3085732,100.0,62,62,0.986,27,21,0,13.17,15.0,0,1515,1769445798.222,-14.027,meta-llama/Llama-3.2-1B-Instruct,"1769445798.222, 1769445798.299, 1769445798.328, 1769445798.362, 1769445798.521"
200.0,1,1769445648.8525,58.988,6945,0,6945,,,,200.0,,,119.0481,-21.9638,0.0,0.0,1769445826.9194753,100.0,65,65,0.974,26,46,0,13.17,15.0,0,1695,1769445804.457,-17.827,meta-llama/Llama-3.2-1B-Instruct,"1769445804.457, 1769445804.617, 1769445804.734, 1769445804.791, 1769445804.845"
200.0,1,1769445648.1877,54.8547,2551,1034,3585,39.7866,0.0873,0.4072,200.0,0.0,100.0,123.8706,-21.2747,0.0,0.0,1769445826.9319398,100.0,65,65,0.991,27,30,0,13.17,15.0,0,1695,1769445804.457,-17.827,meta-llama/Llama-3.2-1B-Instruct,"1769445804.457, 1769445804.617, 1769445804.734, 1769445804.791, 1769445804.845"
200.0,1,1769445648.2111,55.0012,2472,1033,3505,39.6222,0.0867,0.3955,200.0,0.0,100.0,123.7048,-21.294,0.0,0.0,1769445826.934558,100.0,65,65,0.992,27,32,0,13.17,15.0,0,1695,1769445804.457,-17.827,meta-llama/Llama-3.2-1B-Instruct,"1769445804.457, 1769445804.617, 1769445804.734, 1769445804.791, 1769445804.845"
200.0,1,1769445648.605,57.408,3966,31,3997,120.8875,0.0972,1.767,200.0,0.0,100.0,124.75,-17.8419,0.0,0.0,1769445830.7793982,100.0,66,66,0.971,26,41,0,13.17,15.0,0,1814,1769445805.129,-22.186,meta-llama/Llama-3.2-1B-Instruct,"1769445805.129, 1769445805.179, 1769445805.344, 1769445805.410, 1769445805.540"
200.0,1,1769445648.2656,55.9702,2643,1025,3668,50.4181,0.0907,0.39,200.0,0.0,100.0,138.5076,-5.5222,0.0,0.0,1769445842.7624676,100.0,67,67,0.996,27,34,0,13.17,15.0,0,1843,1769445818.564,-19.907,meta-llama/Llama-3.2-1B-Instruct,"1769445818.564, 1769445818.721, 1769445818.832, 1769445818.861, 1769445818.888"
200.0,1,1769445648.7577,58.93,3675,249,3924,119.2234,0.0898,0.3621,200.0,0.0,100.0,138.3808,-2.6892,0.0,0.0,1769445846.0849473,100.0,68,68,0.974,26,46,0,13.17,15.0,0,1843,1769445823.214,-20.261,meta-llama/Llama-3.2-1B-Instruct,"1769445823.214, 1769445823.281, 1769445823.309, 1769445823.340, 1769445823.414"
200.0,1,1769445649.5202,123.5344,2610,442,3052,55.7167,0.0894,0.3581,200.0,0.0,100.0,87.4562,10.9907,10.9907,10.9907,1769445860.5291152,98.55,68,69,0.983,29,28,0,13.17,15.0,0,1843,1769445848.442,-10.178,meta-llama/Llama-3.2-1B-Instruct,"1769445848.442, 1769445848.616, 1769445848.761, 1769445848.837, 1769445849.155"
200.0,1,1769445648.2907,56.0221,3020,1028,4048,73.6357,0.0881,0.3791,200.0,0.0,100.0,159.5204,15.5425,15.5425,26.5332,1769445863.8508937,97.14,68,70,0.996,27,34,0,13.17,15.0,0,1855,1769445852.026,-11.64,meta-llama/Llama-3.2-1B-Instruct,"1769445852.026, 1769445852.092, 1769445852.119, 1769445852.160, 1769445852.225"
200.0,1,1769445648.2407,55.6994,3871,1016,4887,41.2286,0.0915,0.4065,200.0,0.0,100.0,160.6891,16.3885,16.3885,42.9217,1769445864.6487453,95.77,68,71,0.994,27,33,0,13.17,15.0,0,1855,1769445852.026,-11.64,meta-llama/Llama-3.2-1B-Instruct,"1769445852.026, 1769445852.092, 1769445852.119, 1769445852.160, 1769445852.225"
200.0,1,1769445649.4533,123.285,3009,584,3593,56.0234,0.0874,0.3714,200.0,0.0,100.0,98.6504,21.9354,21.9354,64.8571,1769445871.4100034,94.44,68,72,0.982,29,26,0,13.17,15.0,0,1954,1769445852.225,-16.472,meta-llama/Llama-3.2-1B-Instruct,"1769445852.225, 1769445852.256, 1769445852.324, 1769445852.335, 1769445852.363"
200.0,1,1769445649.0634,121.5613,3367,669,4036,56.2875,0.0868,0.3733,200.0,0.0,100.0,106.6704,28.2317,28.2317,93.0889,1769445877.3085914,93.15,68,73,0.974,29,15,0,13.17,15.0,0,2051,1769445852.256,-21.443,meta-llama/Llama-3.2-1B-Instruct,"1769445852.256, 1769445852.324, 1769445852.335, 1769445852.363, 1769445852.421"
200.0,1,1769445648.5747,57.3794,2927,769,3696,120.9406,0.086,0.3705,200.0,0.0,100.0,178.4957,35.8751,35.8751,128.9639,1769445884.4666927,91.89,68,74,0.97,26,40,0,13.17,15.0,0,2221,1769445852.324,-31.433,meta-llama/Llama-3.2-1B-Instruct,"1769445852.324, 1769445852.335, 1769445852.363, 1769445852.421, 1769445852.475"
200.0,1,1769445648.3423,56.0424,3269,1027,4296,94.2015,0.0874,0.3734,200.0,0.0,100.0,186.8285,42.8708,42.8708,171.8348,1769445891.2377572,90.67,68,75,0.996,27,35,0,13.17,15.0,0,2314,1769445852.335,-36.454,meta-llama/Llama-3.2-1B-Instruct,"1769445852.335, 1769445852.363, 1769445852.421, 1769445852.475, 1769445852.529"
200.0,1,1769445649.2769,122.3016,5091,1033,6124,55.3193,0.0869,0.3003,200.0,0.0,100.0,130.5618,52.8635,52.8635,1075.9238,1769445902.169004,86.08,68,92,0.977,29,20,0,13.17,15.0,0,2500,1769445852.421,-46.448,meta-llama/Llama-3.2-1B-Instruct,"1769445852.421, 1769445852.475, 1769445852.529, 1769445852.569, 1769445852.593"
200.0,1,1769445649.3137,122.7631,2407,1024,3431,54.8041,0.0869,0.3264,200.0,0.0,100.0,130.0612,52.8243,52.8243,1181.9289,1769445902.1716113,88.31,68,94,0.979,29,21,0,13.17,15.0,0,2500,1769445852.421,-46.448,meta-llama/Llama-3.2-1B-Instruct,"1769445852.421, 1769445852.475, 1769445852.529, 1769445852.569, 1769445852.593"
200.0,1,1769445648.7339,58.8662,2589,1025,3614,119.2817,0.0884,0.3095,200.0,0.0,100.0,194.5342,53.4003,53.4003,1181.9289,1769445902.172132,89.47,68,94,0.942,25,46,0,13.17,15.0,0,2500,1769445852.421,-46.448,meta-llama/Llama-3.2-1B-Instruct,"1769445852.421, 1769445852.475, 1769445852.529, 1769445852.569, 1769445852.593"
200.0,1,1769445648.6726,57.4807,2923,1023,3946,120.7485,0.0855,0.2972,200.0,0.0,100.0,195.9959,53.4765,53.4765,1181.9289,1769445902.1734757,81.93,68,94,0.971,26,43,0,13.17,15.0,0,2500,1769445852.421,-46.448,meta-llama/Llama-3.2-1B-Instruct,"1769445852.421, 1769445852.475, 1769445852.529, 1769445852.569, 1769445852.593"
200.0,1,1769445649.0107,80.4403,2678,1027,3705,97.4331,0.0864,0.3022,200.0,0.0,100.0,172.7019,53.1422,53.1422,1181.9289,1769445902.1738594,80.95,68,94,0.978,32,17,0,13.17,15.0,0,2500,1769445852.421,-46.448,meta-llama/Llama-3.2-1B-Instruct,"1769445852.421, 1769445852.475, 1769445852.529, 1769445852.569, 1769445852.593"
200.0,1,1769445648.483,56.5089,3305,1026,4331,121.9238,0.088,0.3561,200.0,0.0,100.0,197.1559,53.6648,53.6648,1181.9289,1769445902.1742244,82.93,68,94,0.998,27,39,0,13.17,15.0,0,2500,1769445852.421,-46.448,meta-llama/Llama-3.2-1B-Instruct,"1769445852.421, 1769445852.475, 1769445852.529, 1769445852.569, 1769445852.593"
200.0,1,1769445649.4291,123.1628,3159,1025,4184,54.3161,0.0848,0.3027,200.0,0.0,100.0,129.5638,52.7266,52.7266,1181.9289,1769445902.1756241,79.07,68,94,0.981,29,24,0,13.17,15.0,0,2500,1769445852.421,-46.448,meta-llama/Llama-3.2-1B-Instruct,"1769445852.421, 1769445852.475, 1769445852.529, 1769445852.569, 1769445852.593"
200.0,1,1769445648.4316,56.1104,2612,1029,3641,122.3515,0.087,0.2996,200.0,0.0,100.0,197.5967,53.7071,53.7071,1181.9289,1769445902.1763496,87.18,68,94,0.997,27,37,0,13.17,15.0,0,2500,1769445852.421,-46.448,meta-llama/Llama-3.2-1B-Instruct,"1769445852.421, 1769445852.475, 1769445852.529, 1769445852.569, 1769445852.593"
200.0,1,1769445648.6993,57.6345,3671,1025,4696,120.5866,0.0892,0.2987,200.0,0.0,100.0,195.8129,53.4474,53.4474,1181.9289,1769445902.177518,85.0,68,94,0.972,26,45,0,13.17,15.0,0,2500,1769445852.421,-46.448,meta-llama/Llama-3.2-1B-Instruct,"1769445852.421, 1769445852.475, 1769445852.529, 1769445852.569, 1769445852.593"
200.0,1,1769445648.6348,57.4628,4742,1021,5763,120.7856,0.0872,0.3354,200.0,0.0,100.0,196.0496,53.5125,53.5125,1181.9289,1769445902.1785,83.95,68,94,0.971,26,42,0,13.17,15.0,0,2500,1769445852.421,-46.448,meta-llama/Llama-3.2-1B-Instruct,"1769445852.421, 1769445852.475, 1769445852.529, 1769445852.569, 1769445852.593"
200.0,1,1769445649.3426,122.9734,4119,1029,5148,54.5982,0.0841,0.314,200.0,0.0,100.0,129.8392,52.8126,52.8126,1181.9289,1769445902.1800961,80.0,68,94,0.979,29,22,0,13.17,15.0,0,2500,1769445852.421,-46.448,meta-llama/Llama-3.2-1B-Instruct,"1769445852.421, 1769445852.475, 1769445852.529, 1769445852.569, 1769445852.593"
200.0,1,1769445648.9687,80.3671,2912,1026,3938,97.5792,0.085,0.3421,200.0,0.0,100.0,172.8254,53.1925,53.1925,1181.9289,1769445902.1806521,78.16,68,94,0.978,32,17,0,13.17,15.0,0,2500,1769445852.421,-46.448,meta-llama/Llama-3.2-1B-Instruct,"1769445852.421, 1769445852.475, 1769445852.529, 1769445852.569, 1769445852.593"
200.0,1,1769445648.4566,56.3512,2546,1031,3577,122.0946,0.085,0.2974,200.0,0.0,100.0,197.3594,53.7106,53.7106,1181.9289,1769445902.1822312,73.91,68,94,0.998,27,38,0,13.17,15.0,0,2500,1769445852.421,-46.448,meta-llama/Llama-3.2-1B-Instruct,"1769445852.421, 1769445852.475, 1769445852.529, 1769445852.569, 1769445852.593"
200.0,1,1769445649.3906,123.1249,2472,1029,3501,54.371,0.0861,0.3563,200.0,0.0,100.0,129.6465,52.7714,52.7714,1181.9289,1769445902.1827116,77.27,68,94,0.981,29,23,0,13.17,15.0,0,2500,1769445852.421,-46.448,meta-llama/Llama-3.2-1B-Instruct,"1769445852.421, 1769445852.475, 1769445852.529, 1769445852.569, 1769445852.593"
200.0,1,1769445649.1649,122.0718,3581,1032,4613,55.6558,0.0861,0.3317,200.0,0.0,100.0,130.9268,52.9986,52.9986,1181.9289,1769445902.1850085,76.4,68,94,0.975,29,18,0,13.17,15.0,0,2500,1769445852.421,-46.448,meta-llama/Llama-3.2-1B-Instruct,"1769445852.421, 1769445852.475, 1769445852.529, 1769445852.569, 1769445852.593"
200.0,1,1769445649.3676,123.0644,2680,1022,3702,54.4892,0.0845,0.3516,200.0,0.0,100.0,129.7347,52.7991,52.7991,1181.9289,1769445902.1857471,74.73,68,94,0.98,29,22,0,13.17,15.0,0,2500,1769445852.421,-46.448,meta-llama/Llama-3.2-1B-Instruct,"1769445852.421, 1769445852.475, 1769445852.529, 1769445852.569, 1769445852.593"
200.0,1,1769445649.1255,121.9296,3159,1027,4186,55.8492,0.0867,0.3539,200.0,0.0,100.0,131.1095,53.0391,53.0391,1181.9289,1769445902.1863885,75.56,68,94,0.975,29,17,0,13.17,15.0,0,2500,1769445852.421,-46.448,meta-llama/Llama-3.2-1B-Instruct,"1769445852.421, 1769445852.475, 1769445852.529, 1769445852.569, 1769445852.593"
200.0,1,1769445649.235,122.1557,3581,1024,4605,55.5286,0.0844,0.307,200.0,0.0,100.0,130.7802,52.9359,52.9359,1181.9289,1769445902.1875439,72.34,68,94,0.976,29,19,0,13.17,15.0,0,2500,1769445852.421,-46.448,meta-llama/Llama-3.2-1B-Instruct,"1769445852.421, 1769445852.475, 1769445852.529, 1769445852.569, 1769445852.593"
200.0,1,1769445649.1005,121.7111,2847,1024,3871,56.0918,0.0851,0.3006,200.0,0.0,100.0,131.358,53.0691,53.0691,1181.9289,1769445902.1887028,73.12,68,94,0.974,29,15,0,13.17,15.0,0,2500,1769445852.421,-46.448,meta-llama/Llama-3.2-1B-Instruct,"1769445852.421, 1769445852.475, 1769445852.529, 1769445852.569, 1769445852.593"
200.0,1,1769445650.141,124.7025,2714,0,2714,,,,200.0,,,138.3794,63.0819,63.0819,1308.7327,1769445913.254063,70.83,68,96,0.988,29,41,0,13.17,15.0,0,2705,1769445853.168,-55.733,meta-llama/Llama-3.2-1B-Instruct,"1769445853.168, 1769445853.193, 1769445853.274, 1769445853.391, 1769445853.418"
200.0,1,1769445649.4921,123.3624,3155,1028,4183,55.9005,0.0863,0.3486,200.0,0.0,100.0,140.3596,63.722,63.722,1308.7327,1769445913.2606463,71.58,68,96,0.982,29,27,0,13.17,15.0,0,2705,1769445853.168,-55.733,meta-llama/Llama-3.2-1B-Instruct,"1769445853.168, 1769445853.193, 1769445853.274, 1769445853.391, 1769445853.418"
200.0,1,1769445651.2337,209.6751,2779,0,2779,,,,200.0,,,53.4715,63.1466,63.1466,1371.8792,1769445914.393693,70.1,68,97,0.975,28,22,0,13.17,15.0,0,2815,1769445853.274,-60.637,meta-llama/Llama-3.2-1B-Instruct,"1769445853.274, 1769445853.391, 1769445853.418, 1769445853.456, 1769445853.469"
200.0,1,1769445649.5809,123.6122,2914,1028,3942,58.022,0.0836,0.2983,200.0,0.0,100.0,149.9021,73.5142,73.5142,1445.3935,1769445923.112178,69.39,68,98,0.983,29,29,0,13.17,15.0,0,2894,1769445853.456,-65.497,meta-llama/Llama-3.2-1B-Instruct,"1769445853.456, 1769445853.469, 1769445853.495, 1769445853.519, 1769445853.548"
200.0,1,1769445650.4803,209.4752,2536,178,2714,53.2444,0.0893,0.4221,200.0,0.0,100.0,66.7074,76.1826,76.1826,1521.5761,1769445926.6744263,68.69,68,99,0.973,28,20,0,13.17,15.0,0,2970,1769445853.469,-70.521,meta-llama/Llama-3.2-1B-Instruct,"1769445853.469, 1769445853.495, 1769445853.519, 1769445853.548, 1769445853.578"
200.0,1,1769445649.5487,123.5701,4884,1025,5909,55.6422,0.082,0.3705,200.0,0.0,100.0,155.5393,79.1094,79.1094,1600.6855,1769445928.6732152,68.0,68,100,0.983,29,28,0,13.17,15.0,0,2970,1769445853.469,-70.521,meta-llama/Llama-3.2-1B-Instruct,"1769445853.469, 1769445853.495, 1769445853.519, 1769445853.548, 1769445853.578"
200.0,1,1769445649.7668,124.0546,2441,624,3065,103.8711,0.0803,0.3696,200.0,0.0,100.0,161.8311,85.8857,85.8857,1686.5712,1769445935.6650043,67.33,68,101,0.986,29,33,0,13.17,15.0,0,3142,1769445853.548,-80.508,meta-llama/Llama-3.2-1B-Instruct,"1769445853.548, 1769445853.578, 1769445853.601, 1769445853.638, 1769445853.666"
200.0,1,1769445650.3989,125.2603,2877,299,3176,137.5817,0.0853,0.6689,200.0,0.0,100.0,160.5051,85.7654,85.7654,1772.3366,1769445936.1771264,66.67,68,102,0.992,29,48,0,13.17,15.0,0,3142,1769445853.548,-80.508,meta-llama/Llama-3.2-1B-Instruct,"1769445853.548, 1769445853.578, 1769445853.601, 1769445853.638, 1769445853.666"
200.0,1,1769445649.6221,123.6323,2886,1030,3916,81.0586,0.0855,0.3732,200.0,0.0,100.0,167.8578,91.4901,91.4901,1863.8267,1769445941.1277444,66.02,68,103,0.983,29,30,0,13.17,15.0,0,3226,1769445853.638,-85.446,meta-llama/Llama-3.2-1B-Instruct,"1769445853.638, 1769445853.666, 1769445853.705, 1769445853.743, 1769445853.768"
200.0,1,1769445649.8818,124.3476,2407,364,2771,139.0154,0.0855,0.4064,200.0,0.0,100.0,167.5499,91.8974,91.8974,1955.7242,1769445941.7888863,65.38,68,104,0.988,29,36,0,13.17,15.0,0,3226,1769445853.638,-85.446,meta-llama/Llama-3.2-1B-Instruct,"1769445853.638, 1769445853.666, 1769445853.705, 1769445853.743, 1769445853.768"
200.0,1,1769445649.6512,123.6644,3317,1019,4336,92.5121,0.0854,0.304,200.0,0.0,100.0,179.1743,102.8387,102.8387,2058.5629,1769445952.5134199,64.76,68,105,0.984,29,31,0,13.17,15.0,0,3389,1769445853.705,-95.394,meta-llama/Llama-3.2-1B-Instruct,"1769445853.705, 1769445853.743, 1769445853.768, 1769445853.793, 1769445853.848"
200.0,1,1769445650.0757,124.5669,2661,702,3363,138.6113,0.0817,0.37,200.0,0.0,100.0,189.3664,113.9333,113.9333,2172.4962,1769445964.026181,64.15,68,106,0.988,29,39,0,13.17,15.0,0,3555,1769445853.743,-105.429,meta-llama/Llama-3.2-1B-Instruct,"1769445853.743, 1769445853.768, 1769445853.793, 1769445853.848, 1769445853.892"
200.0,1,1769445650.9954,209.427,2739,870,3609,52.7882,0.0852,0.336,200.0,0.0,100.0,115.5743,125.0013,125.0013,2297.4975,1769445976.0125046,63.55,68,107,0.975,28,23,0,13.17,15.0,0,3800,1769445853.768,-120.51,meta-llama/Llama-3.2-1B-Instruct,"1769445853.768, 1769445853.793, 1769445853.848, 1769445853.892, 1769445853.914"
200.0,1,1769445649.7945,124.1345,3006,1028,4034,117.73,0.0839,0.3289,200.0,0.0,100.0,207.8077,131.9423,131.9423,2429.4398,1769445981.753735,62.96,68,108,0.987,29,33,0,13.17,15.0,0,3889,1769445853.793,-125.532,meta-llama/Llama-3.2-1B-Instruct,"1769445853.793, 1769445853.848, 1769445853.892, 1769445853.914, 1769445853.928"
200.0,1,1769445651.1455,209.6214,2461,1032,3493,52.4448,0.0845,0.3403,200.0,0.0,100.0,126.1854,135.8068,135.8068,4749.8288,1769445986.9810188,62.39,68,125,0.975,28,22,0,13.17,15.0,0,3971,1769445853.848,-130.558,meta-llama/Llama-3.2-1B-Instruct,"1769445853.848, 1769445853.892, 1769445853.914, 1769445853.928, 1769445854.033"
200.0,1,1769445650.9344,209.3551,2516,1036,3552,52.9533,0.086,0.3441,200.0,0.0,100.0,126.6658,136.0209,136.0209,4886.9915,1769445986.9837298,61.26,68,126,0.975,28,23,0,13.17,15.0,0,3971,1769445853.848,-130.558,meta-llama/Llama-3.2-1B-Instruct,"1769445853.848, 1769445853.892, 1769445853.914, 1769445853.928, 1769445854.033"
200.0,1,1769445650.3753,125.0213,2441,1025,3466,137.8445,0.0852,0.3505,200.0,0.0,100.0,211.5643,136.5855,136.5855,5022.9553,1769445986.9847243,60.71,68,127,0.991,29,46,0,13.17,15.0,0,3971,1769445853.848,-130.558,meta-llama/Llama-3.2-1B-Instruct,"1769445853.848, 1769445853.892, 1769445853.914, 1769445853.928, 1769445854.033"
200.0,1,1769445651.094,209.4918,2635,1026,3661,52.6152,0.0879,0.352,200.0,0.0,100.0,126.368,135.8597,135.8597,5022.9553,1769445986.9851265,61.82,68,127,0.975,28,22,0,13.17,15.0,0,3971,1769445853.848,-130.558,meta-llama/Llama-3.2-1B-Instruct,"1769445853.848, 1769445853.892, 1769445853.914, 1769445853.928, 1769445854.033"
200.0,1,1769445650.037,124.5341,2552,1022,3574,138.6685,0.0846,0.352,200.0,0.0,100.0,212.3947,136.9288,136.9288,5022.9553,1769445986.9855096,59.13,68,127,0.988,29,39,0,13.17,15.0,0,3971,1769445853.848,-130.558,meta-llama/Llama-3.2-1B-Instruct,"1769445853.848, 1769445853.892, 1769445853.914, 1769445853.928, 1769445854.033"
200.0,1,1769445650.9729,209.3838,2633,1033,3666,52.8556,0.0861,0.349,200.0,0.0,100.0,126.6063,135.9901,135.9901,5022.9553,1769445986.990648,60.18,68,127,0.975,28,23,0,13.17,15.0,0,3971,1769445853.848,-130.558,meta-llama/Llama-3.2-1B-Instruct,"1769445853.848, 1769445853.892, 1769445853.914, 1769445853.928, 1769445854.033"
200.0,1,1769445649.8453,124.2197,3014,1024,4038,139.1659,0.0846,0.3363,200.0,0.0,100.0,212.8995,137.1193,137.1193,5022.9553,1769445986.9916725,59.65,68,127,0.987,29,35,0,13.17,15.0,0,3971,1769445853.848,-130.558,meta-llama/Llama-3.2-1B-Instruct,"1769445853.848, 1769445853.892, 1769445853.914, 1769445853.928, 1769445854.033"
200.0,1,1769445650.4233,209.2985,2527,1025,3552,53.5246,0.0832,0.3551,200.0,0.0,100.0,127.2482,136.5467,136.5467,5022.9553,1769445986.9938643,57.14,68,127,0.973,28,19,0,13.17,15.0,0,3971,1769445853.848,-130.558,meta-llama/Llama-3.2-1B-Instruct,"1769445853.848, 1769445853.892, 1769445853.914, 1769445853.928, 1769445854.033"
200.0,1,1769445650.2443,124.8579,3516,1024,4540,138.1358,0.0811,0.3419,200.0,0.0,100.0,211.8652,136.7231,136.7231,5022.9553,1769445986.9942794,58.62,68,127,0.99,29,44,0,13.17,15.0,0,3971,1769445853.848,-130.558,meta-llama/Llama-3.2-1B-Instruct,"1769445853.848, 1769445853.892, 1769445853.914, 1769445853.928, 1769445854.033"
200.0,1,1769445651.1219,209.5933,3871,1026,4897,52.5234,0.0848,0.3433,200.0,0.0,100.0,126.2525,135.8458,135.8458,5022.9553,1769445986.994857,58.12,68,127,0.975,28,22,0,13.17,15.0,0,3971,1769445853.848,-130.558,meta-llama/Llama-3.2-1B-Instruct,"1769445853.848, 1769445853.892, 1769445853.914, 1769445853.928, 1769445854.033"
200.0,1,1769445650.1703,124.7648,3324,1030,4354,138.307,0.0823,0.3492,200.0,0.0,100.0,212.0365,136.8013,136.8013,5022.9553,1769445986.995384,56.67,68,127,0.989,29,42,0,13.17,15.0,0,3971,1769445853.848,-130.558,meta-llama/Llama-3.2-1B-Instruct,"1769445853.848, 1769445853.892, 1769445853.914, 1769445853.928, 1769445854.033"
200.0,1,1769445650.1009,124.6165,3376,1031,4407,138.535,0.0818,0.3494,200.0,0.0,100.0,212.2577,136.8741,136.8741,5022.9553,1769445986.9972663,55.74,68,127,0.988,29,40,0,13.17,15.0,0,3971,1769445853.848,-130.558,meta-llama/Llama-3.2-1B-Instruct,"1769445853.848, 1769445853.892, 1769445853.914, 1769445853.928, 1769445854.033"
200.0,1,1769445650.3501,124.9694,4739,1031,5770,137.9066,0.0819,0.3525,200.0,0.0,100.0,211.6536,136.6231,136.6231,5022.9553,1769445986.9986691,56.2,68,127,0.991,29,45,0,13.17,15.0,0,3971,1769445853.848,-130.558,meta-llama/Llama-3.2-1B-Instruct,"1769445853.848, 1769445853.892, 1769445853.914, 1769445853.928, 1769445854.033"
200.0,1,1769445649.8205,124.1825,2643,1025,3668,139.255,0.0842,0.3527,200.0,0.0,100.0,212.9802,137.1626,137.1626,5022.9553,1769445987.0000305,53.97,68,127,0.987,29,34,0,13.17,15.0,0,3971,1769445853.848,-130.558,meta-llama/Llama-3.2-1B-Instruct,"1769445853.848, 1769445853.892, 1769445853.914, 1769445853.928, 1769445854.033"
200.0,1,1769445650.4556,209.3439,5078,1024,6102,53.4246,0.0858,0.3449,200.0,0.0,100.0,127.1689,136.5128,136.5128,5022.9553,1769445987.0004041,57.63,68,127,0.973,28,19,0,13.17,15.0,0,3971,1769445853.848,-130.558,meta-llama/Llama-3.2-1B-Instruct,"1769445853.848, 1769445853.892, 1769445853.914, 1769445853.928, 1769445854.033"
200.0,1,1769445650.3092,124.939,2899,1027,3926,138.0019,0.0823,0.3409,200.0,0.0,100.0,211.7309,136.67,136.67,5022.9553,1769445987.0043504,54.84,68,127,0.991,29,45,0,13.17,15.0,0,3971,1769445853.848,-130.558,meta-llama/Llama-3.2-1B-Instruct,"1769445853.848, 1769445853.892, 1769445853.914, 1769445853.928, 1769445854.033"
200.0,1,1769445651.0204,209.506,2808,1030,3838,52.7194,0.0828,0.3523,200.0,0.0,100.0,126.4579,135.9639,135.9639,5022.9553,1769445987.0048404,53.54,68,127,0.947,27,23,0,13.17,15.0,0,3971,1769445853.848,-130.558,meta-llama/Llama-3.2-1B-Instruct,"1769445853.848, 1769445853.892, 1769445853.914, 1769445853.928, 1769445854.033"
200.0,1,1769445650.5216,209.4453,3557,1024,4581,53.292,0.0824,0.3486,200.0,0.0,100.0,127.0108,136.4561,136.4561,5022.9553,1769445987.0061457,55.28,68,127,0.973,28,21,0,13.17,15.0,0,3971,1769445853.848,-130.558,meta-llama/Llama-3.2-1B-Instruct,"1769445853.848, 1769445853.892, 1769445853.914, 1769445853.928, 1769445854.033"
200.0,1,1769445651.1961,209.6619,2961,1027,3988,53.5071,0.0838,0.3511,200.0,0.0,100.0,137.0724,146.7343,146.7343,5169.6897,1769445997.949091,53.12,68,128,0.975,28,22,0,13.17,15.0,0,4157,1769445854.497,-139.953,meta-llama/Llama-3.2-1B-Instruct,"1769445854.497, 1769445854.539, 1769445854.604, 1769445854.650, 1769445854.667"
200.0,1,1769445651.935,210.9582,2585,0,2585,,,,200.0,,,135.0639,146.022,146.022,5315.7117,1769445997.9736092,52.71,68,129,0.983,28,49,0,13.17,15.0,0,4157,1769445854.497,-139.953,meta-llama/Llama-3.2-1B-Instruct,"1769445854.497, 1769445854.539, 1769445854.604, 1769445854.650, 1769445854.667"
200.0,1,1769445651.2734,209.6972,2905,1017,3922,53.3908,0.0842,0.3548,200.0,0.0,100.0,138.6699,148.3671,148.3671,5464.0788,1769445999.6704555,52.31,68,130,0.975,28,30,0,13.17,15.0,0,4260,1769445854.667,-144.786,meta-llama/Llama-3.2-1B-Instruct,"1769445854.667, 1769445854.693, 1769445854.718, 1769445854.751, 1769445854.802"
200.0,1,1769445651.3071,209.8223,5033,1026,6059,68.6634,0.0846,0.3471,200.0,0.0,100.0,153.0945,162.9168,162.9168,5626.9956,1769446014.2447095,51.91,68,131,0.976,28,31,0,13.17,15.0,0,4413,1769445854.846,-154.685,meta-llama/Llama-3.2-1B-Instruct,"1769445854.846, 1769445854.888, 1769445854.940, 1769445854.979, 1769445855.004"
200.0,1,1769445652.4215,249.8407,6059,208,6267,97.0212,0.0821,0.3632,200.0,0.0,100.0,112.4378,162.2784,162.2784,5789.2741,1769446014.7129874,51.52,68,132,0.972,32,29,0,13.17,15.0,0,4494,1769445854.888,-159.652,meta-llama/Llama-3.2-1B-Instruct,"1769445854.888, 1769445854.940, 1769445854.979, 1769445855.004, 1769445855.065"
200.0,1,1769445651.3341,209.8227,2898,1027,3925,68.6408,0.0834,0.3654,200.0,0.0,100.0,155.8254,165.648,165.648,5954.9221,1769446016.9978874,51.13,68,133,0.977,28,32,0,13.17,15.0,0,4494,1769445854.888,-159.652,meta-llama/Llama-3.2-1B-Instruct,"1769445854.888, 1769445854.940, 1769445854.979, 1769445855.004, 1769445855.065"
200.0,1,1769445651.3854,209.9082,3246,1029,4275,75.3499,0.0863,0.3614,200.0,0.0,100.0,160.7886,170.6968,170.6968,6125.6189,1769446022.1001465,50.75,68,134,0.977,28,32,0,13.17,15.0,0,4575,1769445855.004,-164.605,meta-llama/Llama-3.2-1B-Instruct,"1769445855.004, 1769445855.065, 1769445855.089, 1769445855.116, 1769445855.157"
200.0,1,1769445651.6732,210.4781,4739,427,5166,135.7871,0.0859,0.4462,200.0,0.0,100.0,168.8539,179.332,179.332,6304.951,1769446031.0209339,50.37,68,135,0.98,28,42,0,13.17,15.0,0,4726,1769445855.065,-174.62,meta-llama/Llama-3.2-1B-Instruct,"1769445855.065, 1769445855.089, 1769445855.116, 1769445855.157, 1769445855.183"
200.0,1,1769445651.4262,209.9704,2461,1027,3488,80.0645,0.0862,0.4111,200.0,0.0,100.0,173.1651,183.1355,183.1355,6488.0864,1769446034.583581,50.0,68,136,0.977,28,32,0,13.17,15.0,0,4726,1769445855.065,-174.62,meta-llama/Llama-3.2-1B-Instruct,"1769445855.065, 1769445855.089, 1769445855.116, 1769445855.157, 1769445855.183"
200.0,1,1769445651.6434,210.3321,2516,503,3019,135.9376,0.0859,0.3975,200.0,0.0,100.0,174.8462,185.1784,185.1784,6673.2648,1769446036.8345587,49.64,68,137,0.98,28,40,0,13.17,15.0,0,4804,1769445855.116,-179.575,meta-llama/Llama-3.2-1B-Instruct,"1769445855.116, 1769445855.157, 1769445855.183, 1769445855.223, 1769445855.276"
200.0,1,1769445652.2253,219.3356,3051,536,3587,126.3838,0.085,0.4499,200.0,0.0,100.0,167.8334,187.1691,187.1691,6860.4339,1769446039.4100513,49.28,68,138,0.974,27,52,0,13.17,15.0,0,4804,1769445855.116,-179.575,meta-llama/Llama-3.2-1B-Instruct,"1769445855.116, 1769445855.157, 1769445855.183, 1769445855.223, 1769445855.276"
200.0,1,1769445651.8454,210.9163,3180,678,3858,135.1949,0.0868,0.3938,200.0,0.0,100.0,186.1405,197.0568,197.0568,7057.4907,1769446048.9224496,48.92,68,139,0.983,28,46,0,13.17,15.0,0,4959,1769445855.183,-189.612,meta-llama/Llama-3.2-1B-Instruct,"1769445855.183, 1769445855.223, 1769445855.276, 1769445855.304, 1769445855.332"
200.0,1,1769445651.8809,210.9223,3283,801,4084,135.1361,0.0858,0.3791,200.0,0.0,100.0,195.1372,206.0595,206.0595,7263.5502,1769446057.9608057,48.57,68,140,0.983,28,47,0,13.17,15.0,0,5107,1769445855.223,-199.643,meta-llama/Llama-3.2-1B-Instruct,"1769445855.223, 1769445855.276, 1769445855.304, 1769445855.332, 1769445855.367"
200.0,1,1769445651.7918,210.906,3037,864,3901,135.2542,0.0874,0.3892,200.0,0.0,100.0,199.4756,210.3817,210.3817,7473.9319,1769446062.191247,48.23,68,141,0.982,28,45,0,13.17,15.0,0,5187,1769445855.276,-204.633,meta-llama/Llama-3.2-1B-Instruct,"1769445855.276, 1769445855.304, 1769445855.332, 1769445855.367, 1769445855.405"
200.0,1,1769445652.6526,249.9786,3806,458,4264,132.4744,0.0891,0.3842,200.0,0.0,100.0,165.6783,215.6569,215.6569,7689.5888,1769446068.3270528,47.89,68,142,0.972,32,29,0,13.17,15.0,0,5264,1769445855.304,-209.662,meta-llama/Llama-3.2-1B-Instruct,"1769445855.304, 1769445855.332, 1769445855.367, 1769445855.405, 1769445855.458"
200.0,1,1769445652.1598,212.6177,3653,1029,4682,133.1297,0.0858,0.3811,200.0,0.0,100.0,209.5721,222.1898,222.1898,10359.9152,1769446074.3700988,47.55,68,154,0.985,28,51,0,13.17,15.0,0,5338,1769445855.332,-214.698,meta-llama/Llama-3.2-1B-Instruct,"1769445855.332, 1769445855.367, 1769445855.405, 1769445855.458, 1769445855.485"
200.0,1,1769445652.3236,232.2209,2572,1028,3600,113.3646,0.0876,0.4137,200.0,0.0,100.0,189.8102,222.0311,222.0311,11026.9291,1769446074.3747194,47.22,68,157,0.97,26,53,0,13.17,15.0,0,5338,1769445855.332,-214.698,meta-llama/Llama-3.2-1B-Instruct,"1769445855.332, 1769445855.367, 1769445855.405, 1769445855.458, 1769445855.485"
200.0,1,1769445651.6032,210.3227,2413,1023,3436,136.0255,0.0875,0.3965,200.0,0.0,100.0,212.442,222.7647,222.7647,11026.9291,1769446074.3824065,44.74,68,157,0.979,28,40,0,13.17,15.0,0,5338,1769445855.332,-214.698,meta-llama/Llama-3.2-1B-Instruct,"1769445855.332, 1769445855.367, 1769445855.405, 1769445855.458, 1769445855.485"
200.0,1,1769445651.699,210.5133,2913,1028,3941,135.7228,0.0858,0.4103,200.0,0.0,100.0,212.1478,222.6611,222.6611,11026.9291,1769446074.3872151,46.58,68,157,0.98,28,42,0,13.17,15.0,0,5338,1769445855.332,-214.698,meta-llama/Llama-3.2-1B-Instruct,"1769445855.332, 1769445855.367, 1769445855.405, 1769445855.458, 1769445855.485"
200.0,1,1769445651.4531,210.0101,4303,1041,5344,136.4779,0.0852,0.4046,200.0,0.0,100.0,212.8976,222.9076,222.9076,11026.9291,1769446074.3882267,46.26,68,157,0.977,28,32,0,13.17,15.0,0,5338,1769445855.332,-214.698,meta-llama/Llama-3.2-1B-Instruct,"1769445855.332, 1769445855.367, 1769445855.405, 1769445855.458, 1769445855.485"
200.0,1,1769445652.3629,240.0314,2680,1026,3706,105.5595,0.0842,0.3899,200.0,0.0,100.0,181.9692,222.0006,222.0006,11026.9291,1769446074.3897965,45.64,68,157,0.985,26,53,0,13.17,15.0,0,5338,1769445855.332,-214.698,meta-llama/Llama-3.2-1B-Instruct,"1769445855.332, 1769445855.367, 1769445855.405, 1769445855.458, 1769445855.485"
200.0,1,1769445651.7255,210.8348,2972,1014,3986,135.3367,0.0839,0.39,200.0,0.0,100.0,211.8064,222.6412,222.6412,11026.9291,1769446074.3906822,45.33,68,157,0.981,28,44,0,13.17,15.0,0,5338,1769445855.332,-214.698,meta-llama/Llama-3.2-1B-Instruct,"1769445855.332, 1769445855.367, 1769445855.405, 1769445855.458, 1769445855.485"
200.0,1,1769445652.119,212.3911,4077,1022,5099,133.3961,0.0887,0.389,200.0,0.0,100.0,209.8575,222.2486,222.2486,11026.9291,1769446074.3911653,45.03,68,157,0.951,27,52,0,13.17,15.0,0,5338,1769445855.332,-214.698,meta-llama/Llama-3.2-1B-Instruct,"1769445855.332, 1769445855.367, 1769445855.405, 1769445855.458, 1769445855.485"
200.0,1,1769445651.5085,210.0265,5186,1030,6216,136.4179,0.085,0.3883,200.0,0.0,100.0,212.8278,222.8543,222.8543,11026.9291,1769446074.3915925,45.95,68,157,0.977,28,36,0,13.17,15.0,0,5338,1769445855.332,-214.698,meta-llama/Llama-3.2-1B-Instruct,"1769445855.332, 1769445855.367, 1769445855.405, 1769445855.458, 1769445855.485"
200.0,1,1769445651.7551,210.864,3103,1025,4128,135.3306,0.0836,0.3985,200.0,0.0,100.0,211.7545,222.6184,222.6184,11026.9291,1769446074.392205,43.31,68,157,0.982,28,44,0,13.17,15.0,0,5338,1769445855.332,-214.698,meta-llama/Llama-3.2-1B-Instruct,"1769445855.332, 1769445855.367, 1769445855.405, 1769445855.458, 1769445855.485"
200.0,1,1769445652.2564,225.157,3359,1024,4383,120.5446,0.0844,0.4031,200.0,0.0,100.0,196.9594,222.1165,222.1165,11026.9291,1769446074.3926172,43.59,68,157,0.979,27,52,0,13.17,15.0,0,5338,1769445855.332,-214.698,meta-llama/Llama-3.2-1B-Instruct,"1769445855.332, 1769445855.367, 1769445855.405, 1769445855.458, 1769445855.485"
200.0,1,1769445651.9706,211.3259,5781,1029,6810,134.6451,0.089,0.3995,200.0,0.0,100.0,211.0628,222.3887,222.3887,11026.9291,1769446074.3930264,46.9,68,157,0.985,28,50,0,13.17,15.0,0,5338,1769445855.332,-214.698,meta-llama/Llama-3.2-1B-Instruct,"1769445855.332, 1769445855.367, 1769445855.405, 1769445855.458, 1769445855.485"
200.0,1,1769445651.5339,210.1888,2657,1015,3672,136.226,0.0845,0.4108,200.0,0.0,100.0,212.6469,222.8357,222.8357,11026.9291,1769446074.3933992,44.16,68,157,0.979,28,38,0,13.17,15.0,0,5338,1769445855.332,-214.698,meta-llama/Llama-3.2-1B-Instruct,"1769445855.332, 1769445855.367, 1769445855.405, 1769445855.458, 1769445855.485"
200.0,1,1769445651.5654,210.2277,3545,1028,4573,136.1212,0.0846,0.3989,200.0,0.0,100.0,212.5754,222.8031,222.8031,11026.9291,1769446074.3940074,44.44,68,157,0.979,28,39,0,13.17,15.0,0,5338,1769445855.332,-214.698,meta-llama/Llama-3.2-1B-Instruct,"1769445855.332, 1769445855.367, 1769445855.405, 1769445855.458, 1769445855.485"
200.0,1,1769445652.0921,211.8627,3655,1030,4685,133.9568,0.0871,0.3834,200.0,0.0,100.0,210.4164,222.279,222.279,11026.9291,1769446074.3950043,43.87,68,157,0.949,27,51,0,13.17,15.0,0,5338,1769445855.332,-214.698,meta-llama/Llama-3.2-1B-Instruct,"1769445855.332, 1769445855.367, 1769445855.405, 1769445855.458, 1769445855.485"
200.0,1,1769445652.4747,249.832,3189,1028,4217,96.9907,0.0849,0.3933,200.0,0.0,100.0,181.5354,231.3674,231.3674,11258.2965,1769446083.8593953,43.04,68,158,0.972,32,29,0,13.17,15.0,0,5511,1769445855.865,-224.247,meta-llama/Llama-3.2-1B-Instruct,"1769445855.865, 1769445855.907, 1769445855.959, 1769445856.000, 1769445856.013"
200.0,1,1769445653.8917,333.3189,2668,0,2668,,,,200.0,,,97.3136,230.6325,230.6325,11488.929,1769446084.5405223,42.77,68,159,0.946,28,33,0,13.17,15.0,0,5511,1769445855.865,-224.247,meta-llama/Llama-3.2-1B-Instruct,"1769445855.865, 1769445855.907, 1769445855.959, 1769445856.000, 1769445856.013"
200.0,1,1769445652.5289,249.8167,4739,1024,5763,98.0182,0.0868,0.3918,200.0,0.0,100.0,191.9944,241.8111,241.8111,11730.7401,1769446094.3577046,42.5,68,160,0.972,32,29,0,13.17,15.0,0,5677,1769445856.16,-234.048,meta-llama/Llama-3.2-1B-Instruct,"1769445856.160, 1769445856.188, 1769445856.226, 1769445856.237, 1769445856.252"
200.0,1,1769445652.5695,249.8261,3000,1022,4022,102.9958,0.0854,0.4264,200.0,0.0,100.0,192.408,242.2342,242.2342,11972.9743,1769446094.8160584,42.24,68,161,0.972,32,29,0,13.17,15.0,0,5677,1769445856.16,-234.048,meta-llama/Llama-3.2-1B-Instruct,"1769445856.160, 1769445856.188, 1769445856.226, 1769445856.237, 1769445856.252"
200.0,1,1769445653.6376,287.6192,4701,177,4878,142.5593,0.0972,0.6504,200.0,0.0,100.0,156.4593,244.0785,244.0785,12217.0528,1769446097.735634,41.98,68,162,0.984,30,49,0,13.17,15.0,0,5746,1769445856.226,-238.995,meta-llama/Llama-3.2-1B-Instruct,"1769445856.226, 1769445856.237, 1769445856.252, 1769445856.280, 1769445856.310"
200.0,1,1769445652.5926,249.8561,2500,1028,3528,113.2995,0.0846,0.3962,200.0,0.0,100.0,197.8824,247.7385,247.7385,12464.7913,1769446100.348378,41.72,68,163,0.972,32,29,0,13.17,15.0,0,5817,1769445856.237,-244.013,meta-llama/Llama-3.2-1B-Instruct,"1769445856.237, 1769445856.252, 1769445856.280, 1769445856.310, 1769445856.352"
200.0,1,1769445652.6783,249.9438,3750,1025,4775,114.9018,0.0871,0.3877,200.0,0.0,100.0,199.329,249.2728,249.2728,12714.0641,1769446101.9662218,41.46,68,164,0.972,32,29,0,13.17,15.0,0,5817,1769445856.237,-244.013,meta-llama/Llama-3.2-1B-Instruct,"1769445856.237, 1769445856.252, 1769445856.280, 1769445856.310, 1769445856.352"
200.0,1,1769445652.6176,250.0096,2618,1024,3642,119.8439,0.0848,0.4076,200.0,0.0,100.0,207.1906,257.2002,257.2002,12971.2643,1769446109.8373165,41.21,68,165,0.972,32,29,0,13.17,15.0,0,5887,1769445856.31,-249.009,meta-llama/Llama-3.2-1B-Instruct,"1769445856.310, 1769445856.352, 1769445856.378, 1769445856.404, 1769445856.441"
200.0,1,1769445652.7294,249.9265,2862,1012,3874,134.6146,0.0861,0.3801,200.0,0.0,100.0,218.9744,268.901,268.901,13240.1652,1769446121.6460214,40.96,68,166,0.972,32,29,0,13.17,15.0,0,6091,1769445856.352,-264.055,meta-llama/Llama-3.2-1B-Instruct,"1769445856.352, 1769445856.378, 1769445856.404, 1769445856.441, 1769445856.467"
200.0,1,1769445654.033,333.4669,2521,445,2966,97.4448,0.0879,0.4079,200.0,0.0,100.0,136.5393,270.0063,270.0063,13510.1715,1769446124.0513895,40.72,68,167,0.946,28,33,0,13.17,15.0,0,6091,1769445856.352,-264.055,meta-llama/Llama-3.2-1B-Instruct,"1769445856.352, 1769445856.378, 1769445856.404, 1769445856.441, 1769445856.467"
200.0,1,1769445652.7699,249.9351,2807,1024,3831,137.1213,0.0874,0.4147,200.0,0.0,100.0,230.1279,280.063,280.063,13790.2344,1769446132.8492253,40.48,68,168,0.972,32,29,0,13.17,15.0,0,6232,1769445856.404,-274.026,meta-llama/Llama-3.2-1B-Instruct,"1769445856.404, 1769445856.441, 1769445856.467, 1769445856.507, 1769445856.529"
200.0,1,1769445654.0618,333.4433,2863,655,3518,108.0706,0.0868,0.3895,200.0,0.0,100.0,155.336,288.7793,288.7793,14079.0138,1769446142.8562872,40.24,68,169,0.946,28,33,0,13.17,15.0,0,6374,1769445856.441,-284.048,meta-llama/Llama-3.2-1B-Instruct,"1769445856.441, 1769445856.467, 1769445856.507, 1769445856.529, 1769445856.598"
200.0,1,1769445652.85,249.922,3253,1025,4278,159.8988,0.0901,0.4007,200.0,0.0,100.0,244.7766,294.6985,294.6985,14373.7123,1769446147.5669365,40.0,68,170,0.972,32,29,0,13.17,15.0,0,6447,1769445856.467,-289.024,meta-llama/Llama-3.2-1B-Instruct,"1769445856.467, 1769445856.507, 1769445856.529, 1769445856.598, 1769445856.636"
200.0,1,1769445653.5191,275.2424,2680,929,3609,155.0829,0.0875,0.4033,200.0,0.0,100.0,223.64,298.8825,298.8825,14672.5947,1769446152.4167063,39.77,68,171,0.981,31,48,0,13.17,15.0,0,6523,1769445856.507,-294.208,meta-llama/Llama-3.2-1B-Instruct,"1769445856.507, 1769445856.529, 1769445856.598, 1769445856.636, 1769445856.666"
200.0,1,1769445652.9405,249.9374,2668,1027,3695,166.2611,0.0866,0.3996,200.0,0.0,100.0,252.2768,302.2142,302.2142,14974.8089,1769446155.1686246,39.53,68,172,0.972,32,29,0,13.17,15.0,0,6523,1769445856.507,-294.208,meta-llama/Llama-3.2-1B-Instruct,"1769445856.507, 1769445856.529, 1769445856.598, 1769445856.636, 1769445856.666"
200.0,1,1769445653.1934,260.4128,2678,1024,3702,170.2177,0.0906,0.3825,200.0,0.0,100.0,246.0027,306.4155,306.4155,20793.2282,1769446159.642616,39.08,68,191,0.989,33,43,0,13.17,15.0,0,6597,1769445856.598,-299.18,meta-llama/Llama-3.2-1B-Instruct,"1769445856.598, 1769445856.636, 1769445856.666, 1769445856.737, 1769445856.774"
200.0,1,1769445653.0072,249.9586,3173,1029,4202,180.8459,0.0931,0.4003,200.0,0.0,100.0,256.6425,306.601,306.601,20793.2282,1769446159.6431653,39.31,68,191,0.972,32,29,0,13.17,15.0,0,6597,1769445856.598,-299.18,meta-llama/Llama-3.2-1B-Instruct,"1769445856.598, 1769445856.636, 1769445856.666, 1769445856.737, 1769445856.774"
200.0,1,1769445653.4949,273.3127,2678,1029,3707,157.0034,0.0906,0.3965,200.0,0.0,100.0,232.805,306.1177,306.1177,20793.2282,1769446159.648681,38.64,68,191,0.953,30,49,0,13.17,15.0,0,6597,1769445856.598,-299.18,meta-llama/Llama-3.2-1B-Instruct,"1769445856.598, 1769445856.636, 1769445856.666, 1769445856.737, 1769445856.774"
200.0,1,1769445653.7929,328.0892,2700,1028,3728,101.9382,0.0908,0.4019,200.0,0.0,100.0,177.7321,305.8213,305.8213,20793.2282,1769446159.6491504,38.42,68,191,0.964,25,54,0,13.17,15.0,0,6597,1769445856.598,-299.18,meta-llama/Llama-3.2-1B-Instruct,"1769445856.598, 1769445856.636, 1769445856.666, 1769445856.737, 1769445856.774"
200.0,1,1769445653.7051,298.9432,2411,1024,3435,131.1699,0.0907,0.3957,200.0,0.0,100.0,206.969,305.9122,305.9122,20793.2282,1769446159.6516974,38.2,68,191,0.961,28,51,0,13.17,15.0,0,6597,1769445856.598,-299.18,meta-llama/Llama-3.2-1B-Instruct,"1769445856.598, 1769445856.636, 1769445856.666, 1769445856.737, 1769445856.774"
200.0,1,1769445652.9655,249.957,2976,1031,4007,180.9004,0.0912,0.3895,200.0,0.0,100.0,256.6955,306.6526,306.6526,20793.2282,1769446159.6534061,37.99,68,191,0.972,32,29,0,13.17,15.0,0,6597,1769445856.598,-299.18,meta-llama/Llama-3.2-1B-Instruct,"1769445856.598, 1769445856.636, 1769445856.666, 1769445856.737, 1769445856.774"
200.0,1,1769445653.4184,261.1881,2527,1027,3554,169.2342,0.0894,0.4025,200.0,0.0,100.0,245.0208,306.2088,306.2088,20793.2282,1769446159.655176,36.76,68,191,0.963,32,47,0,13.17,15.0,0,6597,1769445856.598,-299.18,meta-llama/Llama-3.2-1B-Instruct,"1769445856.598, 1769445856.636, 1769445856.666, 1769445856.737, 1769445856.774"
200.0,1,1769445653.4691,270.9108,2806,1028,3834,159.4536,0.091,0.3852,200.0,0.0,100.0,235.2416,306.1524,306.1524,20793.2282,1769446159.6558676,37.78,68,191,0.968,31,48,0,13.17,15.0,0,6597,1769445856.598,-299.18,meta-llama/Llama-3.2-1B-Instruct,"1769445856.598, 1769445856.636, 1769445856.666, 1769445856.737, 1769445856.774"
200.0,1,1769445653.7677,322.4226,2913,1024,3937,107.629,0.0881,0.4157,200.0,0.0,100.0,183.4377,305.8603,305.8603,20793.2282,1769446159.656923,36.56,68,191,0.983,26,53,0,13.17,15.0,0,6597,1769445856.598,-299.18,meta-llama/Llama-3.2-1B-Instruct,"1769445856.598, 1769445856.636, 1769445856.666, 1769445856.737, 1769445856.774"
200.0,1,1769445653.5478,282.2756,4221,1024,5245,148.0149,0.0872,0.3931,200.0,0.0,100.0,223.7985,306.0742,306.0742,20793.2282,1769446159.6582253,37.57,68,191,0.977,30,49,0,13.17,15.0,0,6597,1769445856.598,-299.18,meta-llama/Llama-3.2-1B-Instruct,"1769445856.598, 1769445856.636, 1769445856.666, 1769445856.737, 1769445856.774"
200.0,1,1769445653.7427,310.386,2521,1027,3548,119.6933,0.0861,0.4093,200.0,0.0,100.0,195.5084,305.8944,305.8944,20793.2282,1769446159.6715066,35.98,68,191,0.973,27,52,0,13.17,15.0,0,6597,1769445856.598,-299.18,meta-llama/Llama-3.2-1B-Instruct,"1769445856.598, 1769445856.636, 1769445856.666, 1769445856.737, 1769445856.774"
200.0,1,1769445653.0638,249.9877,3297,1030,4327,180.786,0.0934,0.4046,200.0,0.0,100.0,256.5897,306.5775,306.5775,20793.2282,1769446159.6773746,35.6,68,191,0.972,32,29,0,13.17,15.0,0,6597,1769445856.598,-299.18,meta-llama/Llama-3.2-1B-Instruct,"1769445856.598, 1769445856.636, 1769445856.666, 1769445856.737, 1769445856.774"
200.0,1,1769445655.2763,407.0459,3265,0,3265,,,,200.0,,,108.4075,315.4535,315.4535,21108.6817,1769446170.7551353,35.42,68,192,0.981,25,54,0,13.17,15.0,0,6739,1769445857.524,-308.648,meta-llama/Llama-3.2-1B-Instruct,"1769445857.524, 1769445857.551, 1769445857.562, 1769445857.613, 1769445857.657"
200.0,1,1769445653.9284,333.3809,2578,1027,3605,97.2243,0.0881,0.408,200.0,0.0,100.0,183.4464,316.8273,316.8273,21425.509,1769446170.770355,35.23,68,193,0.946,28,33,0,13.17,15.0,0,6739,1769445857.524,-308.648,meta-llama/Llama-3.2-1B-Instruct,"1769445857.524, 1769445857.551, 1769445857.562, 1769445857.613, 1769445857.657"
200.0,1,1769445654.0879,333.428,2861,1028,3889,108.0708,0.0868,0.4063,200.0,0.0,100.0,193.4564,326.8843,326.8843,21752.3934,1769446180.9875085,35.05,68,194,0.946,28,33,0,13.17,15.0,0,6894,1769445857.842,-318.441,meta-llama/Llama-3.2-1B-Instruct,"1769445857.842, 1769445857.844, 1769445857.870, 1769445857.915, 1769445857.954"
200.0,1,1769445654.1507,333.4406,3086,1027,4113,110.6106,0.0871,0.4089,200.0,0.0,100.0,195.6155,329.056,329.056,22081.4494,1769446183.2228913,34.87,68,195,0.946,28,33,0,13.17,15.0,0,6960,1769445857.844,-323.504,meta-llama/Llama-3.2-1B-Instruct,"1769445857.844, 1769445857.870, 1769445857.915, 1769445857.954, 1769445857.994"
200.0,1,1769445654.1773,333.4781,2429,1029,3458,113.0585,0.0872,0.4073,200.0,0.0,100.0,198.548,332.0261,332.0261,22413.4755,1769446186.2165148,34.69,68,196,0.946,28,33,0,13.17,15.0,0,6960,1769445857.844,-323.504,meta-llama/Llama-3.2-1B-Instruct,"1769445857.844, 1769445857.870, 1769445857.915, 1769445857.954, 1769445857.994"
200.0,1,1769445654.2028,333.5315,2970,1021,3991,114.6631,0.0852,0.412,200.0,0.0,100.0,203.8625,337.3939,337.3939,22750.8694,1769446191.614846,34.52,68,197,0.946,28,33,0,13.17,15.0,0,7098,1769445857.954,-333.441,meta-llama/Llama-3.2-1B-Instruct,"1769445857.954, 1769445857.994, 1769445858.025, 1769445858.085, 1769445858.130"
200.0,1,1769445654.2278,333.5597,2868,1017,3885,136.7684,0.0868,0.4136,200.0,0.0,100.0,232.7888,366.3485,366.3485,23117.218,1769446220.5931437,34.34,68,198,0.946,28,33,0,13.17,15.0,0,7428,1769445857.994,-358.608,meta-llama/Llama-3.2-1B-Instruct,"1769445857.994, 1769445858.025, 1769445858.085, 1769445858.130, 1769445858.156"
200.0,1,1769445654.2548,333.5905,4056,1027,5083,165.1806,0.0897,0.3796,200.0,0.0,100.0,248.7439,382.3345,382.3345,23499.5525,1769446236.610306,34.17,68,199,0.946,28,33,0,13.17,15.0,0,7626,1769445858.025,-373.806,meta-llama/Llama-3.2-1B-Instruct,"1769445858.025, 1769445858.085, 1769445858.130, 1769445858.156, 1769445858.181"
200.0,1,1769445654.2822,333.6135,3233,1027,4260,167.7383,0.0878,0.3987,200.0,0.0,100.0,252.9103,386.5238,386.5238,23886.0763,1769446240.8245108,34.0,68,200,0.946,28,33,0,13.17,15.0,0,7697,1769445858.085,-379.048,meta-llama/Llama-3.2-1B-Instruct,"1769445858.085, 1769445858.130, 1769445858.156, 1769445858.181, 1769445858.205"
200.0,1,1769445654.3096,333.6392,3019,1024,4043,182.7973,0.0861,0.3902,200.0,0.0,100.0,255.5333,389.1726,389.1726,32436.7321,1769446243.5077033,33.5,68,222,0.946,28,33,0,13.17,15.0,0,7760,1769445858.156,-384.029,meta-llama/Llama-3.2-1B-Instruct,"1769445858.156, 1769445858.181, 1769445858.205, 1769445858.231, 1769445858.234"
200.0,1,1769445654.604,344.7981,3672,1026,4698,171.3394,0.087,0.3803,200.0,0.0,100.0,244.0844,388.8825,388.8825,32436.7321,1769446243.5133033,33.01,68,222,0.973,28,48,0,13.17,15.0,0,7760,1769445858.156,-384.029,meta-llama/Llama-3.2-1B-Instruct,"1769445858.156, 1769445858.181, 1769445858.205, 1769445858.231, 1769445858.234"
200.0,1,1769445654.6927,344.9992,2535,1028,3563,171.0455,0.0876,0.3882,200.0,0.0,100.0,243.7965,388.7957,388.7957,32436.7321,1769446243.5141847,32.85,68,222,0.974,28,49,0,13.17,15.0,0,7760,1769445858.156,-384.029,meta-llama/Llama-3.2-1B-Instruct,"1769445858.156, 1769445858.181, 1769445858.205, 1769445858.231, 1769445858.234"
200.0,1,1769445655.1157,381.8233,3829,1029,4858,133.7931,0.0892,0.3859,200.0,0.0,100.0,206.5467,388.37,388.37,32436.7321,1769446243.5157344,33.17,68,222,0.982,27,52,0,13.17,15.0,0,7760,1769445858.156,-384.029,meta-llama/Llama-3.2-1B-Instruct,"1769445858.156, 1769445858.181, 1769445858.205, 1769445858.231, 1769445858.234"
200.0,1,1769445655.0888,379.6284,2603,1026,3629,136.0172,0.0884,0.3909,200.0,0.0,100.0,208.7633,388.3917,388.3917,32436.7321,1769446243.5171795,33.83,68,222,0.977,27,52,0,13.17,15.0,0,7760,1769445858.156,-384.029,meta-llama/Llama-3.2-1B-Instruct,"1769445858.156, 1769445858.181, 1769445858.205, 1769445858.231, 1769445858.234"
200.0,1,1769445655.1574,384.3486,3694,1016,4710,131.2393,0.0868,0.3818,200.0,0.0,100.0,203.9856,388.3342,388.3342,32436.7321,1769446243.5191534,32.23,68,222,0.983,27,52,0,13.17,15.0,0,7760,1769445858.156,-384.029,meta-llama/Llama-3.2-1B-Instruct,"1769445858.156, 1769445858.181, 1769445858.205, 1769445858.231, 1769445858.234"
200.0,1,1769445654.8876,359.9336,2695,1028,3723,155.9044,0.0873,0.384,200.0,0.0,100.0,228.6695,388.6031,388.6031,32436.7321,1769446243.5202398,32.38,68,222,0.971,28,50,0,13.17,15.0,0,7760,1769445858.156,-384.029,meta-llama/Llama-3.2-1B-Instruct,"1769445858.156, 1769445858.181, 1769445858.205, 1769445858.231, 1769445858.234"
200.0,1,1769445655.3035,413.1582,3675,1025,4700,102.2628,0.0904,0.3697,200.0,0.0,100.0,175.0319,388.1901,388.1901,32436.7321,1769446243.520624,32.08,68,222,0.986,25,54,0,13.17,15.0,0,7760,1769445858.156,-384.029,meta-llama/Llama-3.2-1B-Instruct,"1769445858.156, 1769445858.181, 1769445858.205, 1769445858.231, 1769445858.234"
200.0,1,1769445654.4696,333.6125,2948,1026,3974,182.6443,0.0925,0.3609,200.0,0.0,100.0,255.4029,389.0155,389.0155,32436.7321,1769446243.521063,33.33,68,222,0.946,28,33,0,13.17,15.0,0,7760,1769445858.156,-384.029,meta-llama/Llama-3.2-1B-Instruct,"1769445858.156, 1769445858.181, 1769445858.205, 1769445858.231, 1769445858.234"
200.0,1,1769445655.1825,393.9065,3610,1026,4636,121.6678,0.0868,0.3846,200.0,0.0,100.0,194.4054,388.3119,388.3119,32436.7321,1769446243.5221999,31.92,68,222,0.981,26,53,0,13.17,15.0,0,7760,1769445858.156,-384.029,meta-llama/Llama-3.2-1B-Instruct,"1769445858.156, 1769445858.181, 1769445858.205, 1769445858.231, 1769445858.234"
200.0,1,1769445654.8025,345.7406,2419,1032,3451,170.2116,0.0839,0.3869,200.0,0.0,100.0,242.9581,388.6988,388.6988,32436.7321,1769446243.5228941,30.77,68,222,0.982,28,51,0,13.17,15.0,0,7760,1769445858.156,-384.029,meta-llama/Llama-3.2-1B-Instruct,"1769445858.156, 1769445858.181, 1769445858.205, 1769445858.231, 1769445858.234"
200.0,1,1769445654.5392,343.639,2920,1031,3951,172.5688,0.0852,0.3731,200.0,0.0,100.0,245.3182,388.9571,388.9571,32436.7321,1769446243.5236468,31.63,68,222,0.972,28,46,0,13.17,15.0,0,7760,1769445858.156,-384.029,meta-llama/Llama-3.2-1B-Instruct,"1769445858.156, 1769445858.181, 1769445858.205, 1769445858.231, 1769445858.234"
200.0,1,1769445654.4975,343.6245,4613,1024,5637,172.611,0.0857,0.3761,200.0,0.0,100.0,245.3673,388.9918,388.9918,32436.7321,1769446243.52403,32.69,68,222,0.972,28,46,0,13.17,15.0,0,7760,1769445858.156,-384.029,meta-llama/Llama-3.2-1B-Instruct,"1769445858.156, 1769445858.181, 1769445858.205, 1769445858.231, 1769445858.234"
200.0,1,1769445654.7177,345.0887,2689,1026,3715,170.9361,0.0883,0.3815,200.0,0.0,100.0,243.6908,388.7794,388.7794,32436.7321,1769446243.5246878,31.48,68,222,0.982,28,48,0,13.17,15.0,0,7760,1769445858.156,-384.029,meta-llama/Llama-3.2-1B-Instruct,"1769445858.156, 1769445858.181, 1769445858.205, 1769445858.231, 1769445858.234"
200.0,1,1769445654.4437,333.5988,3691,1026,4717,182.7008,0.0862,0.3774,200.0,0.0,100.0,255.4474,389.0462,389.0462,32436.7321,1769446243.5274613,32.54,68,222,0.946,28,33,0,13.17,15.0,0,7760,1769445858.156,-384.029,meta-llama/Llama-3.2-1B-Instruct,"1769445858.156, 1769445858.181, 1769445858.205, 1769445858.231, 1769445858.234"
200.0,1,1769445655.0036,367.3141,2677,1025,3702,148.4131,0.0863,0.3814,200.0,0.0,100.0,221.1802,388.4943,388.4943,32436.7321,1769446243.528075,31.34,68,222,0.977,28,51,0,13.17,15.0,0,7760,1769445858.156,-384.029,meta-llama/Llama-3.2-1B-Instruct,"1769445858.156, 1769445858.181, 1769445858.205, 1769445858.231, 1769445858.234"
200.0,1,1769445655.2232,402.8596,3416,1024,4440,112.6556,0.0863,0.3804,200.0,0.0,100.0,185.4121,388.2717,388.2717,32436.7321,1769446243.5286076,31.78,68,222,0.974,25,54,0,13.17,15.0,0,7760,1769445858.156,-384.029,meta-llama/Llama-3.2-1B-Instruct,"1769445858.156, 1769445858.181, 1769445858.205, 1769445858.231, 1769445858.234"
200.0,1,1769445655.0647,376.1142,2481,1033,3514,139.5689,0.0859,0.4065,200.0,0.0,100.0,212.322,388.4362,388.4362,32436.7321,1769446243.5308368,30.91,68,222,0.961,27,52,0,13.17,15.0,0,7760,1769445858.156,-384.029,meta-llama/Llama-3.2-1B-Instruct,"1769445858.156, 1769445858.181, 1769445858.205, 1769445858.231, 1769445858.234"
200.0,1,1769445654.7512,345.5168,5069,1024,6093,170.4602,0.0877,0.3773,200.0,0.0,100.0,243.2321,388.7489,388.7489,32436.7321,1769446243.5319114,31.05,68,222,0.982,28,48,0,13.17,15.0,0,7760,1769445858.156,-384.029,meta-llama/Llama-3.2-1B-Instruct,"1769445858.156, 1769445858.181, 1769445858.205, 1769445858.231, 1769445858.234"
200.0,1,1769445654.9789,362.1258,3172,1028,4200,153.6491,0.0849,0.374,200.0,0.0,100.0,226.3942,388.5199,388.5199,32436.7321,1769446243.532459,31.19,68,222,0.974,28,51,0,13.17,15.0,0,7760,1769445858.156,-384.029,meta-llama/Llama-3.2-1B-Instruct,"1769445858.156, 1769445858.181, 1769445858.205, 1769445858.231, 1769445858.234"
200.0,1,1769445655.6668,419.3186,2516,1,2517,182.3571,,,200.0,,,182.4368,401.7554,401.7554,32838.4874,1769446257.4356644,30.49,68,223,0.973,31,34,0,13.17,15.0,0,7770,1769445858.692,-398.628,meta-llama/Llama-3.2-1B-Instruct,"1769445858.692, 1769445858.709, 1769445858.739, 1769445858.809, 1769445858.871"
200.0,1,1769445655.9594,428.7403,2503,7,2510,172.6408,0.3523,0.3523,200.0,0.0,100.0,173.4512,402.1915,402.1915,33240.679,1769446258.1666148,30.36,68,224,0.983,32,44,0,13.17,15.0,0,7770,1769445858.692,-398.628,meta-llama/Llama-3.2-1B-Instruct,"1769445858.692, 1769445858.709, 1769445858.739, 1769445858.809, 1769445858.871"
200.0,1,1769445656.2263,441.6406,3494,13,3507,159.4952,0.3501,0.3501,200.0,0.0,100.0,160.7023,402.3429,402.3429,33643.0219,1769446258.5833912,30.22,68,225,0.98,32,47,0,13.17,15.0,0,7770,1769445858.692,-398.628,meta-llama/Llama-3.2-1B-Instruct,"1769445858.692, 1769445858.709, 1769445858.739, 1769445858.809, 1769445858.871"
200.0,1,1769445655.7805,419.4354,3401,14,3415,182.1408,0.3639,0.3639,200.0,0.0,100.0,183.4304,402.8658,402.8658,34045.8877,1769446258.6610544,30.09,68,226,0.973,31,34,0,13.17,15.0,0,7770,1769445858.692,-398.628,meta-llama/Llama-3.2-1B-Instruct,"1769445858.692, 1769445858.709, 1769445858.739, 1769445858.809, 1769445858.871"
200.0,1,1769445655.3319,419.2147,3898,1025,4923,96.7817,0.0889,0.404,200.0,0.0,100.0,185.9369,405.1517,405.1517,34451.0394,1769446260.4996495,29.96,68,227,0.973,31,34,0,13.17,15.0,0,7770,1769445858.692,-398.628,meta-llama/Llama-3.2-1B-Instruct,"1769445858.692, 1769445858.709, 1769445858.739, 1769445858.809, 1769445858.871"
200.0,1,1769445655.4051,419.2535,2501,710,3211,111.9126,0.0945,0.6442,200.0,0.0,100.0,197.1472,416.4006,416.4006,34867.44,1769446271.827431,29.82,68,228,0.973,31,34,0,13.17,15.0,0,7747,1769445860.205,-407.175,meta-llama/Llama-3.2-1B-Instruct,"1769445860.205, 1769445860.305, 1769445860.372, 1769445860.521, 1769445860.599"
200.0,1,1769445655.4584,419.3763,3184,564,3748,182.5235,0.0798,0.4341,200.0,0.0,100.0,222.7607,442.137,442.137,35309.577,1769446297.6098845,29.69,68,229,0.973,31,34,0,13.17,15.0,0,7746,1769445860.305,-412.124,meta-llama/Llama-3.2-1B-Instruct,"1769445860.305, 1769445860.372, 1769445860.521, 1769445860.599, 1769445860.676"
200.0,1,1769445655.3671,419.2468,5567,1026,6593,109.4365,0.0836,0.3864,200.0,0.0,100.0,231.4938,450.7406,450.7406,35760.3176,1769446306.1324186,29.57,68,230,0.973,31,34,0,13.17,15.0,0,7746,1769445860.305,-412.124,meta-llama/Llama-3.2-1B-Instruct,"1769445860.305, 1769445860.372, 1769445860.521, 1769445860.599, 1769445860.676"
200.0,1,1769445656.2522,445.1112,2808,945,3753,155.9857,0.0778,0.3698,200.0,0.0,100.0,222.8328,467.9439,467.9439,36228.2616,1769446324.2113113,29.44,68,231,0.982,32,47,0,13.17,15.0,0,7746,1769445860.305,-412.124,meta-llama/Llama-3.2-1B-Instruct,"1769445860.305, 1769445860.372, 1769445860.521, 1769445860.599, 1769445860.676"
200.0,1,1769445656.5978,503.2003,2603,1025,3628,97.5416,0.0795,0.3577,200.0,0.0,100.0,169.6496,472.8499,472.8499,46641.7734,1769446329.471829,29.06,68,253,0.983,31,30,0,13.17,15.0,0,7746,1769445860.305,-412.124,meta-llama/Llama-3.2-1B-Instruct,"1769445860.305, 1769445860.372, 1769445860.521, 1769445860.599, 1769445860.676"
200.0,1,1769445656.1296,430.2825,2735,1025,3760,170.9376,0.0811,0.3496,200.0,0.0,100.0,243.0363,473.3188,473.3188,46641.7734,1769446329.4731102,28.94,68,253,0.989,32,47,0,13.17,15.0,0,7746,1769445860.305,-412.124,meta-llama/Llama-3.2-1B-Instruct,"1769445860.305, 1769445860.372, 1769445860.521, 1769445860.599, 1769445860.676"
200.0,1,1769445656.5072,496.0258,2498,1034,3532,104.8275,0.0781,0.3505,200.0,0.0,100.0,176.9231,472.949,472.949,46641.7734,1769446329.4736156,27.98,68,253,0.985,27,52,0,13.17,15.0,0,7746,1769445860.305,-412.124,meta-llama/Llama-3.2-1B-Instruct,"1769445860.305, 1769445860.372, 1769445860.521, 1769445860.599, 1769445860.676"
200.0,1,1769445656.4665,491.2699,3216,1026,4242,109.5995,0.0809,0.366,200.0,0.0,100.0,181.71,472.9799,472.9799,46641.7734,1769446329.474148,29.31,68,253,0.964,27,52,0,13.17,15.0,0,7746,1769445860.305,-412.124,meta-llama/Llama-3.2-1B-Instruct,"1769445860.305, 1769445860.372, 1769445860.521, 1769445860.599, 1769445860.676"
200.0,1,1769445656.5294,498.7717,2635,1024,3659,102.0465,0.0772,0.3774,200.0,0.0,100.0,174.1524,472.9241,472.9241,46641.7734,1769446329.475064,28.45,68,253,0.99,27,52,0,13.17,15.0,0,7746,1769445860.305,-412.124,meta-llama/Llama-3.2-1B-Instruct,"1769445860.305, 1769445860.372, 1769445860.521, 1769445860.599, 1769445860.676"
200.0,1,1769445656.2804,445.8427,3271,1021,4292,155.2202,0.1341,0.3532,200.0,0.0,100.0,227.3258,473.1685,473.1685,46641.7734,1769446329.4758856,28.81,68,253,0.968,32,47,0,13.17,15.0,0,7746,1769445860.305,-412.124,meta-llama/Llama-3.2-1B-Instruct,"1769445860.305, 1769445860.372, 1769445860.521, 1769445860.599, 1769445860.676"
200.0,1,1769445656.4414,486.5795,2509,1034,3543,114.3389,0.0797,0.369,200.0,0.0,100.0,186.4262,473.0057,473.0057,46641.7734,1769446329.4774878,29.18,68,253,0.988,28,51,0,13.17,15.0,0,7746,1769445860.305,-412.124,meta-llama/Llama-3.2-1B-Instruct,"1769445860.305, 1769445860.372, 1769445860.521, 1769445860.599, 1769445860.676"
200.0,1,1769445656.4035,476.6079,4077,1024,5101,124.3498,0.0772,0.3847,200.0,0.0,100.0,196.4426,473.0505,473.0505,46641.7734,1769446329.4794176,28.33,68,253,0.983,29,50,0,13.17,15.0,0,7746,1769445860.305,-412.124,meta-llama/Llama-3.2-1B-Instruct,"1769445860.305, 1769445860.372, 1769445860.521, 1769445860.599, 1769445860.676"
200.0,1,1769445655.7122,419.3749,2500,1025,3525,182.2631,0.0797,0.3505,200.0,0.0,100.0,254.3708,473.7458,473.7458,46641.7734,1769446329.4803417,27.76,68,253,0.973,31,34,0,13.17,15.0,0,7746,1769445860.305,-412.124,meta-llama/Llama-3.2-1B-Instruct,"1769445860.305, 1769445860.372, 1769445860.521, 1769445860.599, 1769445860.676"
200.0,1,1769445656.0368,429.4116,2631,1028,3659,171.9075,0.0778,0.3882,200.0,0.0,100.0,244.01,473.4216,473.4216,46641.7734,1769446329.4812846,27.64,68,253,0.986,32,46,0,13.17,15.0,0,7746,1769445860.305,-412.124,meta-llama/Llama-3.2-1B-Instruct,"1769445860.305, 1769445860.372, 1769445860.521, 1769445860.599, 1769445860.676"
200.0,1,1769445655.4848,419.3546,3025,1025,4050,182.5073,0.0773,0.3655,200.0,0.0,100.0,254.6221,473.9768,473.9768,46641.7734,1769446329.4821022,27.42,68,253,0.973,31,34,0,13.17,15.0,0,7746,1769445860.305,-412.124,meta-llama/Llama-3.2-1B-Instruct,"1769445860.305, 1769445860.372, 1769445860.521, 1769445860.599, 1769445860.676"
200.0,1,1769445655.5777,419.2791,3180,1036,4216,182.4887,0.0784,0.3526,200.0,0.0,100.0,254.6052,473.8843,473.8843,46641.7734,1769446329.4845343,27.31,68,253,0.973,31,34,0,13.17,15.0,0,7746,1769445860.305,-412.124,meta-llama/Llama-3.2-1B-Instruct,"1769445860.305, 1769445860.372, 1769445860.521, 1769445860.599, 1769445860.676"
200.0,1,1769445655.8087,419.4918,3952,1032,4984,182.0369,0.0818,0.3577,200.0,0.0,100.0,254.1511,473.6429,473.6429,46641.7734,1769446329.4851675,28.69,68,253,0.973,31,34,0,13.17,15.0,0,7746,1769445860.305,-412.124,meta-llama/Llama-3.2-1B-Instruct,"1769445860.305, 1769445860.372, 1769445860.521, 1769445860.599, 1769445860.676"
200.0,1,1769445656.1601,438.3656,4612,1024,5636,162.8083,0.0753,0.3473,200.0,0.0,100.0,234.9299,473.2955,473.2955,46641.7734,1769446329.4856975,28.1,68,253,0.97,31,48,0,13.17,15.0,0,7746,1769445860.305,-412.124,meta-llama/Llama-3.2-1B-Instruct,"1769445860.305, 1769445860.372, 1769445860.521, 1769445860.599, 1769445860.676"
200.0,1,1769445656.31,453.6606,5091,1030,6121,147.3929,0.0771,0.355,200.0,0.0,100.0,219.4843,473.145,473.145,46641.7734,1769446329.4867754,28.22,68,253,0.967,31,48,0,13.17,15.0,0,7746,1769445860.305,-412.124,meta-llama/Llama-3.2-1B-Instruct,"1769445860.305, 1769445860.372, 1769445860.521, 1769445860.599, 1769445860.676"
200.0,1,1769445656.0005,428.7754,2623,1023,3646,172.589,0.0775,0.3491,200.0,0.0,100.0,244.6812,473.4567,473.4567,46641.7734,1769446329.4871345,27.87,68,253,0.983,32,44,0,13.17,15.0,0,7746,1769445860.305,-412.124,meta-llama/Llama-3.2-1B-Instruct,"1769445860.305, 1769445860.372, 1769445860.521, 1769445860.599, 1769445860.676"
200.0,1,1769445655.8646,428.1648,4795,1025,5820,173.3283,0.077,0.346,200.0,0.0,100.0,245.4342,473.599,473.599,46641.7734,1769446329.4875891,27.09,68,253,0.984,32,44,0,13.17,15.0,0,7746,1769445860.305,-412.124,meta-llama/Llama-3.2-1B-Instruct,"1769445860.305, 1769445860.372, 1769445860.521, 1769445860.599, 1769445860.676"
200.0,1,1769445656.352,465.39,3194,1026,4220,135.6092,0.079,0.3552,200.0,0.0,100.0,207.7105,473.1005,473.1005,46641.7734,1769446329.4880826,28.57,68,253,0.977,30,49,0,13.17,15.0,0,7746,1769445860.305,-412.124,meta-llama/Llama-3.2-1B-Instruct,"1769445860.305, 1769445860.372, 1769445860.521, 1769445860.599, 1769445860.676"
200.0,1,1769445655.6904,419.3467,2913,1031,3944,182.3091,0.0783,0.3607,200.0,0.0,100.0,254.429,473.7757,473.7757,46641.7734,1769446329.4904487,26.98,68,253,0.973,31,34,0,13.17,15.0,0,7746,1769445860.305,-412.124,meta-llama/Llama-3.2-1B-Instruct,"1769445860.305, 1769445860.372, 1769445860.521, 1769445860.599, 1769445860.676"
200.0,1,1769445655.603,419.2841,3299,1020,4319,182.4515,0.0809,0.3682,200.0,0.0,100.0,254.5755,473.8596,473.8596,46641.7734,1769446329.4911025,27.2,68,253,0.973,31,34,0,13.17,15.0,0,7746,1769445860.305,-412.124,meta-llama/Llama-3.2-1B-Instruct,"1769445860.305, 1769445860.372, 1769445860.521, 1769445860.599, 1769445860.676"
200.0,1,1769445656.1878,438.7674,3066,1026,4092,162.3863,0.0799,0.3616,200.0,0.0,100.0,234.5142,473.2816,473.2816,46641.7734,1769446329.493851,26.88,68,253,0.987,32,47,0,13.17,15.0,0,7746,1769445860.305,-412.124,meta-llama/Llama-3.2-1B-Instruct,"1769445860.305, 1769445860.372, 1769445860.521, 1769445860.599, 1769445860.676"
200.0,1,1769445656.6358,503.2224,2931,1022,3953,98.0035,0.0805,0.3835,200.0,0.0,100.0,182.7283,485.9507,485.9507,47127.7242,1769446342.6032085,26.77,68,254,0.983,31,30,0,13.17,15.0,0,7746,1769445860.305,-412.124,meta-llama/Llama-3.2-1B-Instruct,"1769445860.305, 1769445860.372, 1769445860.521, 1769445860.599, 1769445860.676"
200.0,1,1769445656.6655,503.2431,4119,1017,5136,99.2831,0.0805,0.3969,200.0,0.0,100.0,184.4534,487.6966,487.6966,47615.4207,1769446344.3772528,26.67,68,255,0.983,31,30,0,13.17,15.0,0,7746,1769445860.305,-412.124,meta-llama/Llama-3.2-1B-Instruct,"1769445860.305, 1769445860.372, 1769445860.521, 1769445860.599, 1769445860.676"
200.0,1,1769445656.8254,503.2542,3121,137,3258,101.2363,0.0879,0.7775,200.0,0.0,100.0,189.3821,492.6363,492.6363,48108.057,1769446349.4760816,26.56,68,256,0.983,31,30,0,13.17,15.0,0,7746,1769445860.305,-412.124,meta-llama/Llama-3.2-1B-Instruct,"1769445860.305, 1769445860.372, 1769445860.521, 1769445860.599, 1769445860.676"
200.0,1,1769445658.3235,585.7363,3155,178,3333,99.3818,0.0752,0.088,200.0,0.0,100.0,111.824,497.5603,497.5603,48605.6173,1769446355.9000542,26.46,68,257,0.978,31,27,0,13.17,15.0,0,7746,1769445860.305,-412.124,meta-llama/Llama-3.2-1B-Instruct,"1769445860.305, 1769445860.372, 1769445860.521, 1769445860.599, 1769445860.676"
200.0,1,1769445657.9941,562.7108,3679,258,3937,121.7952,0.0793,0.0919,200.0,0.0,100.0,140.371,503.0818,503.0818,49108.6991,1769446361.0895677,26.36,68,258,0.98,26,53,0,13.17,15.0,0,7746,1769445860.305,-412.124,meta-llama/Llama-3.2-1B-Instruct,"1769445860.305, 1769445860.372, 1769445860.521, 1769445860.599, 1769445860.676"
200.0,1,1769445656.7373,503.2307,3550,1023,4573,99.6621,0.0844,0.3381,200.0,0.0,100.0,218.2118,521.4425,521.4425,49630.1416,1769446378.1970842,26.25,68,259,0.983,31,30,0,13.17,15.0,0,7746,1769445860.305,-412.124,meta-llama/Llama-3.2-1B-Instruct,"1769445860.305, 1769445860.372, 1769445860.521, 1769445860.599, 1769445860.676"
200.0,1,1769445658.156,585.4664,2506,582,3088,98.8717,0.0808,0.09,200.0,0.0,100.0,140.6312,526.0976,526.0976,50156.2392,1769446384.2656736,26.15,68,260,0.075,2,56,0,13.17,15.0,0,7746,1769445860.305,-412.124,meta-llama/Llama-3.2-1B-Instruct,"1769445860.305, 1769445860.372, 1769445860.521, 1769445860.599, 1769445860.676"
200.0,1,1769445656.7737,503.2667,3022,1025,4047,101.2547,0.085,0.3237,200.0,0.0,100.0,236.1115,539.3782,539.3782,50695.6173,1769446396.1648362,26.05,68,261,0.983,31,30,0,13.17,15.0,0,7746,1769445860.305,-412.124,meta-llama/Llama-3.2-1B-Instruct,"1769445860.305, 1769445860.372, 1769445860.521, 1769445860.599, 1769445860.676"
200.0,1,1769445658.2681,585.7534,2587,1027,3614,98.4778,0.078,0.0889,200.0,0.0,100.0,170.774,556.5274,556.5274,63509.448,1769446414.815478,25.76,68,284,0.978,31,27,0,13.17,15.0,0,7746,1769445860.305,-412.124,meta-llama/Llama-3.2-1B-Instruct,"1769445860.305, 1769445860.372, 1769445860.521, 1769445860.599, 1769445860.676"
200.0,1,1769445658.2048,585.5287,2407,1031,3438,98.7545,0.082,0.0921,200.0,0.0,100.0,171.0606,556.5892,556.5892,64066.3096,1769446414.8178253,25.95,68,285,0.978,31,27,0,13.17,15.0,0,7746,1769445860.305,-412.124,meta-llama/Llama-3.2-1B-Instruct,"1769445860.305, 1769445860.372, 1769445860.521, 1769445860.599, 1769445860.676"
200.0,1,1769445657.8701,525.4916,2575,1023,3598,159.1473,0.0769,0.088,200.0,0.0,100.0,231.435,556.9266,556.9266,64623.2139,1769446414.8237984,25.66,68,286,0.982,29,50,0,13.17,15.0,0,7746,1769445860.305,-412.124,meta-llama/Llama-3.2-1B-Instruct,"1769445860.305, 1769445860.372, 1769445860.521, 1769445860.599, 1769445860.676"
200.0,1,1769445657.6132,514.0255,2934,1028,3962,170.8661,0.0754,0.086,200.0,0.0,100.0,243.1681,557.1936,557.1936,64623.2139,1769446414.8253894,24.82,68,286,0.957,30,43,0,13.17,15.0,0,7746,1769445860.305,-412.124,meta-llama/Llama-3.2-1B-Instruct,"1769445860.305, 1769445860.372, 1769445860.521, 1769445860.599, 1769445860.676"
200.0,1,1769445657.3023,503.2613,2572,1023,3595,181.9265,0.0805,0.0883,200.0,0.0,100.0,254.2312,557.4925,557.4925,64623.2139,1769446414.8259056,25.86,68,286,0.983,31,30,0,13.17,15.0,0,7746,1769445860.305,-412.124,meta-llama/Llama-3.2-1B-Instruct,"1769445860.305, 1769445860.372, 1769445860.521, 1769445860.599, 1769445860.676"
200.0,1,1769445657.817,514.8516,2618,1025,3643,169.8341,0.0792,0.0887,200.0,0.0,100.0,242.1404,556.992,556.992,64623.2139,1769446414.8268209,24.55,68,286,0.961,30,49,0,13.17,15.0,0,7746,1769445860.305,-412.124,meta-llama/Llama-3.2-1B-Instruct,"1769445860.305, 1769445860.372, 1769445860.521, 1769445860.599, 1769445860.676"
200.0,1,1769445658.2306,585.5905,2680,1026,3706,98.6648,0.0741,0.0882,200.0,0.0,100.0,170.9782,556.5686,556.5686,64623.2139,1769446414.8286352,25.37,68,286,0.978,31,27,0,13.17,15.0,0,7746,1769445860.305,-412.124,meta-llama/Llama-3.2-1B-Instruct,"1769445860.305, 1769445860.372, 1769445860.521, 1769445860.599, 1769445860.676"
200.0,1,1769445658.1814,585.5197,2827,1026,3853,98.8131,0.0751,0.0877,200.0,0.0,100.0,171.1065,556.6262,556.6262,64623.2139,1769446414.8303237,24.73,68,286,0.978,31,27,0,13.17,15.0,0,7746,1769445860.305,-412.124,meta-llama/Llama-3.2-1B-Instruct,"1769445860.305, 1769445860.372, 1769445860.521, 1769445860.599, 1769445860.676"
200.0,1,1769445657.8444,524.1019,3099,1022,4121,160.5635,0.0753,0.0873,200.0,0.0,100.0,232.8623,556.9642,556.9642,64623.2139,1769446414.831212,24.64,68,286,0.963,29,50,0,13.17,15.0,0,7746,1769445860.305,-412.124,meta-llama/Llama-3.2-1B-Instruct,"1769445860.305, 1769445860.372, 1769445860.521, 1769445860.599, 1769445860.676"
200.0,1,1769445658.0246,579.1007,4192,1026,5218,105.3656,0.0802,0.0896,200.0,0.0,100.0,177.6732,556.774,556.774,64623.2139,1769446414.8316216,25.47,68,286,0.986,25,54,0,13.17,15.0,0,7746,1769445860.305,-412.124,meta-llama/Llama-3.2-1B-Instruct,"1769445860.305, 1769445860.372, 1769445860.521, 1769445860.599, 1769445860.676"
200.0,1,1769445657.5237,513.7306,2886,1027,3913,171.2388,0.0806,0.0991,200.0,0.0,100.0,243.5498,557.2805,557.2805,64623.2139,1769446414.8335369,25.19,68,286,0.955,30,42,0,13.17,15.0,0,7746,1769445860.305,-412.124,meta-llama/Llama-3.2-1B-Instruct,"1769445860.305, 1769445860.372, 1769445860.521, 1769445860.599, 1769445860.676"
200.0,1,1769445657.7917,514.3421,2470,1031,3501,170.3648,0.0801,0.0947,200.0,0.0,100.0,242.6712,557.0133,557.0133,64623.2139,1769446414.8339136,25.09,68,286,0.959,30,48,0,13.17,15.0,0,7746,1769445860.305,-412.124,meta-llama/Llama-3.2-1B-Instruct,"1769445860.305, 1769445860.372, 1769445860.521, 1769445860.599, 1769445860.676"
200.0,1,1769445657.5624,513.9596,3332,1024,4356,170.9864,0.0766,0.0843,200.0,0.0,100.0,243.2873,557.2469,557.2469,64623.2139,1769446414.834415,24.46,68,286,0.957,30,43,0,13.17,15.0,0,7746,1769445860.305,-412.124,meta-llama/Llama-3.2-1B-Instruct,"1769445860.305, 1769445860.372, 1769445860.521, 1769445860.599, 1769445860.676"
200.0,1,1769445657.4041,503.3936,3343,1024,4367,181.7042,0.0817,0.0874,200.0,0.0,100.0,254.0164,557.4101,557.4101,64623.2139,1769446414.8349054,24.03,68,286,0.983,31,30,0,13.17,15.0,0,7746,1769445860.305,-412.124,meta-llama/Llama-3.2-1B-Instruct,"1769445860.305, 1769445860.372, 1769445860.521, 1769445860.599, 1769445860.676"
200.0,1,1769445657.4436,503.8724,2756,1022,3778,181.1898,0.0761,0.0882,200.0,0.0,100.0,253.4813,557.3537,557.3537,64623.2139,1769446414.8362145,25.56,68,286,0.983,31,30,0,13.17,15.0,0,7746,1769445860.305,-412.124,meta-llama/Llama-3.2-1B-Instruct,"1769445860.305, 1769445860.372, 1769445860.521, 1769445860.599, 1769445860.676"
200.0,1,1769445657.7262,514.2052,3967,1030,4997,170.5649,0.08,0.0877,200.0,0.0,100.0,242.8832,557.0885,557.0885,64623.2139,1769446414.8425603,23.94,68,286,0.959,30,47,0,13.17,15.0,0,7746,1769445860.305,-412.124,meta-llama/Llama-3.2-1B-Instruct,"1769445860.305, 1769445860.372, 1769445860.521, 1769445860.599, 1769445860.676"
200.0,1,1769445657.9148,528.4815,4396,1025,5421,156.1157,0.0772,0.0876,200.0,0.0,100.0,228.4228,556.9043,556.9043,64623.2139,1769446414.8434489,23.78,68,286,0.982,29,50,0,13.17,15.0,0,7746,1769445860.305,-412.124,meta-llama/Llama-3.2-1B-Instruct,"1769445860.305, 1769445860.372, 1769445860.521, 1769445860.599, 1769445860.676"
200.0,1,1769445658.1299,583.5656,2586,1027,3613,100.8054,0.0774,0.0948,200.0,0.0,100.0,173.1107,556.6762,556.6762,64623.2139,1769446414.8442707,24.91,68,286,0.961,24,55,0,13.17,15.0,0,7746,1769445860.305,-412.124,meta-llama/Llama-3.2-1B-Instruct,"1769445860.305, 1769445860.372, 1769445860.521, 1769445860.599, 1769445860.676"
200.0,1,1769445658.3645,585.7525,3195,1033,4228,99.3305,0.0801,0.086,200.0,0.0,100.0,179.5139,565.2664,565.2664,65188.4803,1769446423.6486928,23.69,68,287,0.978,31,27,0,13.17,15.0,0,7746,1769445860.305,-412.124,meta-llama/Llama-3.2-1B-Instruct,"1769445860.305, 1769445860.372, 1769445860.521, 1769445860.599, 1769445860.676"
200.0,1,1769445658.9001,599.4369,2621,118,2739,165.1702,0.0574,0.0601,200.0,0.0,100.0,170.7218,570.1588,570.1588,65758.6391,1769446429.071557,23.61,68,288,0.96,30,46,0,13.17,15.0,0,7746,1769445860.305,-412.124,meta-llama/Llama-3.2-1B-Instruct,"1769445860.305, 1769445860.372, 1769445860.521, 1769445860.599, 1769445860.676"
200.0,1,1769445658.4183,585.8031,2876,1028,3904,100.5924,0.0749,0.0814,200.0,0.0,100.0,189.6322,575.4352,575.4352,66334.0743,1769446433.87041,23.53,68,289,0.978,31,27,0,13.17,15.0,0,7746,1769445860.305,-412.124,meta-llama/Llama-3.2-1B-Instruct,"1769445860.305, 1769445860.372, 1769445860.521, 1769445860.599, 1769445860.676"
200.0,1,1769445658.5909,586.3958,2525,256,2781,178.5307,0.0563,0.0603,200.0,0.0,100.0,190.4542,576.85,576.85,66910.9243,1769446435.4528687,23.45,68,290,0.978,31,27,0,13.17,15.0,0,7746,1769445860.305,-412.124,meta-llama/Llama-3.2-1B-Instruct,"1769445860.305, 1769445860.372, 1769445860.521, 1769445860.599, 1769445860.676"
200.0,1,1769445658.6101,586.427,2514,716,3230,178.4731,0.0547,0.0574,200.0,0.0,100.0,211.7485,598.1756,598.1756,67509.0998,1769446456.801213,23.37,68,291,0.978,31,27,0,13.17,15.0,0,7746,1769445860.305,-412.124,meta-llama/Llama-3.2-1B-Instruct,"1769445860.305, 1769445860.372, 1769445860.521, 1769445860.599, 1769445860.676"
200.0,1,1769445658.4646,585.8993,2612,1026,3638,122.099,0.0684,0.0765,200.0,0.0,100.0,222.4906,608.39,608.39,68117.4898,1769446466.8693256,23.29,68,292,0.978,31,27,0,13.17,15.0,0,7746,1769445860.305,-412.124,meta-llama/Llama-3.2-1B-Instruct,"1769445860.305, 1769445860.372, 1769445860.521, 1769445860.599, 1769445860.676"
200.0,1,1769445658.4451,585.8314,3979,1032,5011,117.3983,0.0653,0.0785,200.0,0.0,100.0,223.4393,609.2707,609.2707,68726.7605,1769446467.7418199,23.21,68,293,0.978,31,27,0,13.17,15.0,0,7746,1769445860.305,-412.124,meta-llama/Llama-3.2-1B-Instruct,"1769445860.305, 1769445860.372, 1769445860.521, 1769445860.599, 1769445860.676"
200.0,1,1769445659.5479,599.8349,2944,1023,3967,164.1253,0.0549,0.058,200.0,0.0,100.0,210.0722,609.9071,609.9071,77880.5017,1769446469.471021,23.05,68,308,0.969,30,45,0,13.17,15.0,0,7746,1769445860.305,-412.124,meta-llama/Llama-3.2-1B-Instruct,"1769445860.305, 1769445860.372, 1769445860.521, 1769445860.599, 1769445860.676"
200.0,1,1769445659.8874,601.5863,2512,1029,3541,162.0307,0.0543,0.0566,200.0,0.0,100.0,207.9804,609.5667,609.5667,77880.5017,1769446469.47233,23.13,68,308,0.986,31,46,0,13.17,15.0,0,7746,1769445860.305,-412.124,meta-llama/Llama-3.2-1B-Instruct,"1769445860.305, 1769445860.372, 1769445860.521, 1769445860.599, 1769445860.676"
200.0,1,1769445658.6488,586.4416,2668,1025,3693,178.425,0.0525,0.0546,200.0,0.0,100.0,224.3689,610.8104,610.8104,77880.5017,1769446469.474987,22.9,68,308,0.978,31,27,0,13.17,15.0,0,7746,1769445860.305,-412.124,meta-llama/Llama-3.2-1B-Instruct,"1769445860.305, 1769445860.372, 1769445860.521, 1769445860.599, 1769445860.676"
200.0,1,1769445658.485,586.2484,2643,1026,3669,178.7865,0.0539,0.0574,200.0,0.0,100.0,224.7223,610.9707,610.9707,77880.5017,1769446469.475493,22.97,68,308,0.978,31,27,0,13.17,15.0,0,7746,1769445860.305,-412.124,meta-llama/Llama-3.2-1B-Instruct,"1769445860.305, 1769445860.372, 1769445860.521, 1769445860.599, 1769445860.676"
200.0,1,1769445658.7388,599.3279,2795,1027,3822,165.4385,0.0535,0.0563,200.0,0.0,100.0,211.3931,610.721,610.721,77880.5017,1769446469.476442,22.82,68,308,0.983,31,44,0,13.17,15.0,0,7746,1769445860.305,-412.124,meta-llama/Llama-3.2-1B-Instruct,"1769445860.305, 1769445860.372, 1769445860.521, 1769445860.599, 1769445860.676"
200.0,1,1769445659.694,600.7361,2525,1029,3554,163.0889,0.053,0.0555,200.0,0.0,100.0,209.0324,609.7685,609.7685,77880.5017,1769446469.479683,22.67,68,308,0.972,30,46,0,13.17,15.0,0,7746,1769445860.305,-412.124,meta-llama/Llama-3.2-1B-Instruct,"1769445860.305, 1769445860.372, 1769445860.521, 1769445860.599, 1769445860.676"
200.0,1,1769445660.1438,603.4904,3184,1024,4208,159.8878,0.0521,0.0555,200.0,0.0,100.0,205.8271,609.3175,609.3175,77880.5017,1769446469.4816074,22.74,68,308,0.995,31,48,0,13.17,15.0,0,7746,1769445860.305,-412.124,meta-llama/Llama-3.2-1B-Instruct,"1769445860.305, 1769445860.372, 1769445860.521, 1769445860.599, 1769445860.676"
200.0,1,1769445660.2049,611.7737,2668,1030,3698,151.5236,0.0537,0.0603,200.0,0.0,100.0,197.4852,609.2589,609.2589,77880.5017,1769446469.4832761,22.59,68,308,0.969,29,50,0,13.17,15.0,0,7746,1769445860.305,-412.124,meta-llama/Llama-3.2-1B-Instruct,"1769445860.305, 1769445860.372, 1769445860.521, 1769445860.599, 1769445860.676"
200.0,1,1769445660.0225,602.1581,2817,1033,3850,161.333,0.0527,0.055,200.0,0.0,100.0,207.2881,609.4462,609.4462,77880.5017,1769446469.4837704,22.22,68,308,0.988,31,47,0,13.17,15.0,0,7746,1769445860.305,-412.124,meta-llama/Llama-3.2-1B-Instruct,"1769445860.305, 1769445860.372, 1769445860.521, 1769445860.599, 1769445860.676"
200.0,1,1769445658.7086,599.2948,2822,1024,3846,165.5029,0.052,0.0555,200.0,0.0,100.0,211.4664,610.7612,610.7612,77880.5017,1769446469.4841104,22.15,68,308,0.983,31,44,0,13.17,15.0,0,7746,1769445860.305,-412.124,meta-llama/Llama-3.2-1B-Instruct,"1769445860.305, 1769445860.372, 1769445860.521, 1769445860.599, 1769445860.676"
200.0,1,1769445658.5169,586.2735,2402,1016,3418,178.7123,0.0533,0.0578,200.0,0.0,100.0,224.6775,610.951,610.951,77880.5017,1769446469.4860373,22.3,68,308,0.978,31,27,0,13.17,15.0,0,7746,1769445860.305,-412.124,meta-llama/Llama-3.2-1B-Instruct,"1769445860.305, 1769445860.372, 1769445860.521, 1769445860.599, 1769445860.676"
200.0,1,1769445658.5586,586.3766,2914,1029,3943,178.5832,0.0523,0.0562,200.0,0.0,100.0,224.5317,610.9083,610.9083,77880.5017,1769446469.4863641,22.37,68,308,0.978,31,27,0,13.17,15.0,0,7746,1769445860.305,-412.124,meta-llama/Llama-3.2-1B-Instruct,"1769445860.305, 1769445860.372, 1769445860.521, 1769445860.599, 1769445860.676"
200.0,1,1769445658.5369,586.2982,3404,1027,4431,178.6861,0.0508,0.053,200.0,0.0,100.0,224.6294,610.9276,610.9276,77880.5017,1769446469.4871602,22.52,68,308,0.978,31,27,0,13.17,15.0,0,7746,1769445860.305,-412.124,meta-llama/Llama-3.2-1B-Instruct,"1769445860.305, 1769445860.372, 1769445860.521, 1769445860.599, 1769445860.676"
200.0,1,1769445659.8238,600.8234,2870,1023,3893,162.8539,0.0533,0.0571,200.0,0.0,100.0,208.8181,609.6415,609.6415,77880.5017,1769446469.488464,22.44,68,308,0.985,31,45,0,13.17,15.0,0,7746,1769445860.305,-412.124,meta-llama/Llama-3.2-1B-Instruct,"1769445860.305, 1769445860.372, 1769445860.521, 1769445860.599, 1769445860.676"
200.0,1,1769445658.6859,586.572,2400,1024,3424,178.2567,0.051,0.0558,200.0,0.0,100.0,224.2126,610.7846,610.7846,77880.5017,1769446469.4889,22.08,68,308,0.978,31,27,0,13.17,15.0,0,7746,1769445860.305,-412.124,meta-llama/Llama-3.2-1B-Instruct,"1769445860.305, 1769445860.372, 1769445860.521, 1769445860.599, 1769445860.676"
