file,chunked,mb,out_dir,hol_corr
timsort_hol_sleep_0.0001_pushint_0.0001_mb100_chunked_0_20260127_124456.csv,0,100,per_file_plots/chunked_0/timsort_hol_sleep_0.0001_pushint_0.0001_mb100_chunked_0_20260127_124456,0.6967384978622748
timsort_hol_sleep_0.0001_pushint_0.0001_mb100_chunked_1_20260127_152133.csv,1,100,per_file_plots/chunked_1/timsort_hol_sleep_0.0001_pushint_0.0001_mb100_chunked_1_20260127_152133,0.34653510026072964
timsort_hol_sleep_0.0001_pushint_0.0001_mb20_chunked_0_20260128_085843.csv,0,20,per_file_plots/chunked_0/timsort_hol_sleep_0.0001_pushint_0.0001_mb20_chunked_0_20260128_085843,0.7627673276427049
timsort_hol_sleep_0.0001_pushint_0.0001_mb20_chunked_1_20260128_111847.csv,1,20,per_file_plots/chunked_1/timsort_hol_sleep_0.0001_pushint_0.0001_mb20_chunked_1_20260128_111847,0.770044477313005
timsort_hol_sleep_0.0001_pushint_0.0001_mb40_chunked_0_20260128_041035.csv,0,40,per_file_plots/chunked_0/timsort_hol_sleep_0.0001_pushint_0.0001_mb40_chunked_0_20260128_041035,0.6649541184806209
timsort_hol_sleep_0.0001_pushint_0.0001_mb40_chunked_1_20260128_063442.csv,1,40,per_file_plots/chunked_1/timsort_hol_sleep_0.0001_pushint_0.0001_mb40_chunked_1_20260128_063442,0.7812493286817067
timsort_hol_sleep_0.0001_pushint_0.0001_mb60_chunked_0_20260127_231151.csv,0,60,per_file_plots/chunked_0/timsort_hol_sleep_0.0001_pushint_0.0001_mb60_chunked_0_20260127_231151,0.44403940004383774
timsort_hol_sleep_0.0001_pushint_0.0001_mb60_chunked_1_20260128_014024.csv,1,60,per_file_plots/chunked_1/timsort_hol_sleep_0.0001_pushint_0.0001_mb60_chunked_1_20260128_014024,0.2606561142519485
timsort_hol_sleep_0.0001_pushint_0.0001_mb80_chunked_0_20260127_180034.csv,0,80,per_file_plots/chunked_0/timsort_hol_sleep_0.0001_pushint_0.0001_mb80_chunked_0_20260127_180034,0.7108294446195794
timsort_hol_sleep_0.0001_pushint_0.0001_mb80_chunked_1_20260127_203539.csv,1,80,per_file_plots/chunked_1/timsort_hol_sleep_0.0001_pushint_0.0001_mb80_chunked_1_20260127_203539,0.5943205123312395
timsort_hol_sleep_0.0001_pushint_0.001_mb100_chunked_0_20260127_130208.csv,0,100,per_file_plots/chunked_0/timsort_hol_sleep_0.0001_pushint_0.001_mb100_chunked_0_20260127_130208,0.7846723315895568
timsort_hol_sleep_0.0001_pushint_0.001_mb100_chunked_1_20260127_153926.csv,1,100,per_file_plots/chunked_1/timsort_hol_sleep_0.0001_pushint_0.001_mb100_chunked_1_20260127_153926,0.8102586661874628
timsort_hol_sleep_0.0001_pushint_0.001_mb20_chunked_0_20260128_091417.csv,0,20,per_file_plots/chunked_0/timsort_hol_sleep_0.0001_pushint_0.001_mb20_chunked_0_20260128_091417,
timsort_hol_sleep_0.0001_pushint_0.001_mb20_chunked_1_20260128_113423.csv,1,20,per_file_plots/chunked_1/timsort_hol_sleep_0.0001_pushint_0.001_mb20_chunked_1_20260128_113423,0.7955009594063922
timsort_hol_sleep_0.0001_pushint_0.001_mb40_chunked_0_20260128_042659.csv,0,40,per_file_plots/chunked_0/timsort_hol_sleep_0.0001_pushint_0.001_mb40_chunked_0_20260128_042659,0.752324757476021
timsort_hol_sleep_0.0001_pushint_0.001_mb40_chunked_1_20260128_065054.csv,1,40,per_file_plots/chunked_1/timsort_hol_sleep_0.0001_pushint_0.001_mb40_chunked_1_20260128_065054,0.7742726846699864
timsort_hol_sleep_0.0001_pushint_0.001_mb60_chunked_0_20260127_232829.csv,0,60,per_file_plots/chunked_0/timsort_hol_sleep_0.0001_pushint_0.001_mb60_chunked_0_20260127_232829,0.02299769524724596
timsort_hol_sleep_0.0001_pushint_0.001_mb60_chunked_1_20260128_015709.csv,1,60,per_file_plots/chunked_1/timsort_hol_sleep_0.0001_pushint_0.001_mb60_chunked_1_20260128_015709,0.28438932865953614
timsort_hol_sleep_0.0001_pushint_0.001_mb80_chunked_0_20260127_181752.csv,0,80,per_file_plots/chunked_0/timsort_hol_sleep_0.0001_pushint_0.001_mb80_chunked_0_20260127_181752,0.6256602411420061
timsort_hol_sleep_0.0001_pushint_0.001_mb80_chunked_1_20260127_205317.csv,1,80,per_file_plots/chunked_1/timsort_hol_sleep_0.0001_pushint_0.001_mb80_chunked_1_20260127_205317,0.5456796961007476
timsort_hol_sleep_0.0001_pushint_0.01_mb100_chunked_0_20260127_131903.csv,0,100,per_file_plots/chunked_0/timsort_hol_sleep_0.0001_pushint_0.01_mb100_chunked_0_20260127_131903,0.7419563052153649
timsort_hol_sleep_0.0001_pushint_0.01_mb100_chunked_1_20260127_155718.csv,1,100,per_file_plots/chunked_1/timsort_hol_sleep_0.0001_pushint_0.01_mb100_chunked_1_20260127_155718,0.7863081725994433
timsort_hol_sleep_0.0001_pushint_0.01_mb20_chunked_0_20260128_092929.csv,0,20,per_file_plots/chunked_0/timsort_hol_sleep_0.0001_pushint_0.01_mb20_chunked_0_20260128_092929,0.7574835408973717
timsort_hol_sleep_0.0001_pushint_0.01_mb20_chunked_1_20260128_114958.csv,1,20,per_file_plots/chunked_1/timsort_hol_sleep_0.0001_pushint_0.01_mb20_chunked_1_20260128_114958,0.6132821858684161
timsort_hol_sleep_0.0001_pushint_0.01_mb40_chunked_0_20260128_044318.csv,0,40,per_file_plots/chunked_0/timsort_hol_sleep_0.0001_pushint_0.01_mb40_chunked_0_20260128_044318,0.723890900338172
timsort_hol_sleep_0.0001_pushint_0.01_mb40_chunked_1_20260128_070713.csv,1,40,per_file_plots/chunked_1/timsort_hol_sleep_0.0001_pushint_0.01_mb40_chunked_1_20260128_070713,0.8035438588635127
timsort_hol_sleep_0.0001_pushint_0.01_mb60_chunked_0_20260127_234501.csv,0,60,per_file_plots/chunked_0/timsort_hol_sleep_0.0001_pushint_0.01_mb60_chunked_0_20260127_234501,0.7150106682642062
timsort_hol_sleep_0.0001_pushint_0.01_mb60_chunked_1_20260128_021355.csv,1,60,per_file_plots/chunked_1/timsort_hol_sleep_0.0001_pushint_0.01_mb60_chunked_1_20260128_021355,0.17914242897736765
timsort_hol_sleep_0.0001_pushint_0.01_mb80_chunked_0_20260127_183510.csv,0,80,per_file_plots/chunked_0/timsort_hol_sleep_0.0001_pushint_0.01_mb80_chunked_0_20260127_183510,0.508259078646083
timsort_hol_sleep_0.0001_pushint_0.01_mb80_chunked_1_20260127_211043.csv,1,80,per_file_plots/chunked_1/timsort_hol_sleep_0.0001_pushint_0.01_mb80_chunked_1_20260127_211043,0.6398466622419118
timsort_hol_sleep_0.001_pushint_0.0001_mb100_chunked_0_20260127_133649.csv,0,100,per_file_plots/chunked_0/timsort_hol_sleep_0.001_pushint_0.0001_mb100_chunked_0_20260127_133649,0.26720448639545286
timsort_hol_sleep_0.001_pushint_0.0001_mb100_chunked_1_20260127_161421.csv,1,100,per_file_plots/chunked_1/timsort_hol_sleep_0.001_pushint_0.0001_mb100_chunked_1_20260127_161421,0.23178877824742455
timsort_hol_sleep_0.001_pushint_0.0001_mb20_chunked_0_20260128_094503.csv,0,20,per_file_plots/chunked_0/timsort_hol_sleep_0.001_pushint_0.0001_mb20_chunked_0_20260128_094503,0.6903190864238121
timsort_hol_sleep_0.001_pushint_0.0001_mb20_chunked_1_20260128_120540.csv,1,20,per_file_plots/chunked_1/timsort_hol_sleep_0.001_pushint_0.0001_mb20_chunked_1_20260128_120540,0.7880636898634725
timsort_hol_sleep_0.001_pushint_0.0001_mb40_chunked_0_20260128_045925.csv,0,40,per_file_plots/chunked_0/timsort_hol_sleep_0.001_pushint_0.0001_mb40_chunked_0_20260128_045925,0.5828531472411197
timsort_hol_sleep_0.001_pushint_0.0001_mb40_chunked_1_20260128_072324.csv,1,40,per_file_plots/chunked_1/timsort_hol_sleep_0.001_pushint_0.0001_mb40_chunked_1_20260128_072324,0.7328587348111193
timsort_hol_sleep_0.001_pushint_0.0001_mb60_chunked_0_20260128_000128.csv,0,60,per_file_plots/chunked_0/timsort_hol_sleep_0.001_pushint_0.0001_mb60_chunked_0_20260128_000128,0.6795027193775125
timsort_hol_sleep_0.001_pushint_0.0001_mb60_chunked_1_20260128_023053.csv,1,60,per_file_plots/chunked_1/timsort_hol_sleep_0.001_pushint_0.0001_mb60_chunked_1_20260128_023053,0.12722454244925852
timsort_hol_sleep_0.001_pushint_0.0001_mb80_chunked_0_20260127_185238.csv,0,80,per_file_plots/chunked_0/timsort_hol_sleep_0.001_pushint_0.0001_mb80_chunked_0_20260127_185238,0.18006017846237685
timsort_hol_sleep_0.001_pushint_0.0001_mb80_chunked_1_20260127_212824.csv,1,80,per_file_plots/chunked_1/timsort_hol_sleep_0.001_pushint_0.0001_mb80_chunked_1_20260127_212824,0.20084007774355156
timsort_hol_sleep_0.001_pushint_0.001_mb100_chunked_0_20260127_135455.csv,0,100,per_file_plots/chunked_0/timsort_hol_sleep_0.001_pushint_0.001_mb100_chunked_0_20260127_135455,0.7451089679836133
timsort_hol_sleep_0.001_pushint_0.001_mb100_chunked_1_20260127_163239.csv,1,100,per_file_plots/chunked_1/timsort_hol_sleep_0.001_pushint_0.001_mb100_chunked_1_20260127_163239,0.37175525384798996
timsort_hol_sleep_0.001_pushint_0.001_mb20_chunked_0_20260128_100038.csv,0,20,per_file_plots/chunked_0/timsort_hol_sleep_0.001_pushint_0.001_mb20_chunked_0_20260128_100038,0.6591161419972286
timsort_hol_sleep_0.001_pushint_0.001_mb20_chunked_1_20260128_122114.csv,1,20,per_file_plots/chunked_1/timsort_hol_sleep_0.001_pushint_0.001_mb20_chunked_1_20260128_122114,0.7455999069543165
timsort_hol_sleep_0.001_pushint_0.001_mb40_chunked_0_20260128_051547.csv,0,40,per_file_plots/chunked_0/timsort_hol_sleep_0.001_pushint_0.001_mb40_chunked_0_20260128_051547,0.7682915689706022
timsort_hol_sleep_0.001_pushint_0.001_mb40_chunked_1_20260128_073937.csv,1,40,per_file_plots/chunked_1/timsort_hol_sleep_0.001_pushint_0.001_mb40_chunked_1_20260128_073937,0.7969822133629626
timsort_hol_sleep_0.001_pushint_0.001_mb60_chunked_0_20260128_001806.csv,0,60,per_file_plots/chunked_0/timsort_hol_sleep_0.001_pushint_0.001_mb60_chunked_0_20260128_001806,0.13392548459734843
timsort_hol_sleep_0.001_pushint_0.001_mb60_chunked_1_20260128_024800.csv,1,60,per_file_plots/chunked_1/timsort_hol_sleep_0.001_pushint_0.001_mb60_chunked_1_20260128_024800,0.5942813153120561
timsort_hol_sleep_0.001_pushint_0.001_mb80_chunked_0_20260127_190948.csv,0,80,per_file_plots/chunked_0/timsort_hol_sleep_0.001_pushint_0.001_mb80_chunked_0_20260127_190948,0.7198422776579341
timsort_hol_sleep_0.001_pushint_0.001_mb80_chunked_1_20260127_214527.csv,1,80,per_file_plots/chunked_1/timsort_hol_sleep_0.001_pushint_0.001_mb80_chunked_1_20260127_214527,0.4228023494987694
timsort_hol_sleep_0.001_pushint_0.01_mb100_chunked_0_20260127_141229.csv,0,100,per_file_plots/chunked_0/timsort_hol_sleep_0.001_pushint_0.01_mb100_chunked_0_20260127_141229,0.798029410884553
timsort_hol_sleep_0.001_pushint_0.01_mb100_chunked_1_20260127_165109.csv,1,100,per_file_plots/chunked_1/timsort_hol_sleep_0.001_pushint_0.01_mb100_chunked_1_20260127_165109,0.8077323202894803
timsort_hol_sleep_0.001_pushint_0.01_mb20_chunked_0_20260128_101616.csv,0,20,per_file_plots/chunked_0/timsort_hol_sleep_0.001_pushint_0.01_mb20_chunked_0_20260128_101616,0.7730109697479558
timsort_hol_sleep_0.001_pushint_0.01_mb20_chunked_1_20260128_123650.csv,1,20,per_file_plots/chunked_1/timsort_hol_sleep_0.001_pushint_0.01_mb20_chunked_1_20260128_123650,0.7583356579423944
timsort_hol_sleep_0.001_pushint_0.01_mb40_chunked_0_20260128_053201.csv,0,40,per_file_plots/chunked_0/timsort_hol_sleep_0.001_pushint_0.01_mb40_chunked_0_20260128_053201,
timsort_hol_sleep_0.001_pushint_0.01_mb40_chunked_1_20260128_075540.csv,1,40,per_file_plots/chunked_1/timsort_hol_sleep_0.001_pushint_0.01_mb40_chunked_1_20260128_075540,0.8804306365457312
timsort_hol_sleep_0.001_pushint_0.01_mb60_chunked_0_20260128_003416.csv,0,60,per_file_plots/chunked_0/timsort_hol_sleep_0.001_pushint_0.01_mb60_chunked_0_20260128_003416,0.7692813900332918
timsort_hol_sleep_0.001_pushint_0.01_mb60_chunked_1_20260128_030449.csv,1,60,per_file_plots/chunked_1/timsort_hol_sleep_0.001_pushint_0.01_mb60_chunked_1_20260128_030449,0.6005926806518523
timsort_hol_sleep_0.001_pushint_0.01_mb80_chunked_0_20260127_192726.csv,0,80,per_file_plots/chunked_0/timsort_hol_sleep_0.001_pushint_0.01_mb80_chunked_0_20260127_192726,0.46358887991308834
timsort_hol_sleep_0.001_pushint_0.01_mb80_chunked_1_20260127_220300.csv,1,80,per_file_plots/chunked_1/timsort_hol_sleep_0.001_pushint_0.01_mb80_chunked_1_20260127_220300,0.7670111642674277
timsort_hol_sleep_0.01_pushint_0.0001_mb100_chunked_0_20260127_142946.csv,0,100,per_file_plots/chunked_0/timsort_hol_sleep_0.01_pushint_0.0001_mb100_chunked_0_20260127_142946,-0.261996973898034
timsort_hol_sleep_0.01_pushint_0.0001_mb100_chunked_1_20260127_170812.csv,1,100,per_file_plots/chunked_1/timsort_hol_sleep_0.01_pushint_0.0001_mb100_chunked_1_20260127_170812,0.18798276998381924
timsort_hol_sleep_0.01_pushint_0.0001_mb20_chunked_0_20260128_103154.csv,0,20,per_file_plots/chunked_0/timsort_hol_sleep_0.01_pushint_0.0001_mb20_chunked_0_20260128_103154,0.7280643768312033
timsort_hol_sleep_0.01_pushint_0.0001_mb20_chunked_1_20260128_125233.csv,1,20,per_file_plots/chunked_1/timsort_hol_sleep_0.01_pushint_0.0001_mb20_chunked_1_20260128_125233,0.8835416914407999
timsort_hol_sleep_0.01_pushint_0.0001_mb40_chunked_0_20260128_054713.csv,0,40,per_file_plots/chunked_0/timsort_hol_sleep_0.01_pushint_0.0001_mb40_chunked_0_20260128_054713,0.5414929472277774
timsort_hol_sleep_0.01_pushint_0.0001_mb40_chunked_1_20260128_081145.csv,1,40,per_file_plots/chunked_1/timsort_hol_sleep_0.01_pushint_0.0001_mb40_chunked_1_20260128_081145,0.774677101677728
timsort_hol_sleep_0.01_pushint_0.0001_mb60_chunked_0_20260128_005058.csv,0,60,per_file_plots/chunked_0/timsort_hol_sleep_0.01_pushint_0.0001_mb60_chunked_0_20260128_005058,0.5901261238415094
timsort_hol_sleep_0.01_pushint_0.0001_mb60_chunked_1_20260128_032141.csv,1,60,per_file_plots/chunked_1/timsort_hol_sleep_0.01_pushint_0.0001_mb60_chunked_1_20260128_032141,0.7860114828685633
timsort_hol_sleep_0.01_pushint_0.0001_mb80_chunked_0_20260127_194451.csv,0,80,per_file_plots/chunked_0/timsort_hol_sleep_0.01_pushint_0.0001_mb80_chunked_0_20260127_194451,0.6906700642923151
timsort_hol_sleep_0.01_pushint_0.0001_mb80_chunked_1_20260127_222033.csv,1,80,per_file_plots/chunked_1/timsort_hol_sleep_0.01_pushint_0.0001_mb80_chunked_1_20260127_222033,0.0019234258058120986
timsort_hol_sleep_0.01_pushint_0.001_mb100_chunked_0_20260127_144650.csv,0,100,per_file_plots/chunked_0/timsort_hol_sleep_0.01_pushint_0.001_mb100_chunked_0_20260127_144650,-0.1232859966317954
timsort_hol_sleep_0.01_pushint_0.001_mb100_chunked_1_20260127_172602.csv,1,100,per_file_plots/chunked_1/timsort_hol_sleep_0.01_pushint_0.001_mb100_chunked_1_20260127_172602,-0.1805748101645502
timsort_hol_sleep_0.01_pushint_0.001_mb20_chunked_0_20260128_104731.csv,0,20,per_file_plots/chunked_0/timsort_hol_sleep_0.01_pushint_0.001_mb20_chunked_0_20260128_104731,0.8125390616675997
timsort_hol_sleep_0.01_pushint_0.001_mb20_chunked_1_20260128_130811.csv,1,20,per_file_plots/chunked_1/timsort_hol_sleep_0.01_pushint_0.001_mb20_chunked_1_20260128_130811,0.8550622253359083
timsort_hol_sleep_0.01_pushint_0.001_mb40_chunked_0_20260128_060255.csv,0,40,per_file_plots/chunked_0/timsort_hol_sleep_0.01_pushint_0.001_mb40_chunked_0_20260128_060255,0.1985629158134031
timsort_hol_sleep_0.01_pushint_0.001_mb40_chunked_1_20260128_082723.csv,1,40,per_file_plots/chunked_1/timsort_hol_sleep_0.01_pushint_0.001_mb40_chunked_1_20260128_082723,0.3279997543377193
timsort_hol_sleep_0.01_pushint_0.001_mb60_chunked_0_20260128_010715.csv,0,60,per_file_plots/chunked_0/timsort_hol_sleep_0.01_pushint_0.001_mb60_chunked_0_20260128_010715,0.37241631428595
timsort_hol_sleep_0.01_pushint_0.001_mb60_chunked_1_20260128_033756.csv,1,60,per_file_plots/chunked_1/timsort_hol_sleep_0.01_pushint_0.001_mb60_chunked_1_20260128_033756,0.5420016021567327
timsort_hol_sleep_0.01_pushint_0.001_mb80_chunked_0_20260127_200119.csv,0,80,per_file_plots/chunked_0/timsort_hol_sleep_0.01_pushint_0.001_mb80_chunked_0_20260127_200119,0.6646241865434672
timsort_hol_sleep_0.01_pushint_0.001_mb80_chunked_1_20260127_223757.csv,1,80,per_file_plots/chunked_1/timsort_hol_sleep_0.01_pushint_0.001_mb80_chunked_1_20260127_223757,0.10831467661217689
timsort_hol_sleep_0.01_pushint_0.01_mb100_chunked_0_20260127_150332.csv,0,100,per_file_plots/chunked_0/timsort_hol_sleep_0.01_pushint_0.01_mb100_chunked_0_20260127_150332,0.4284356431530854
timsort_hol_sleep_0.01_pushint_0.01_mb100_chunked_1_20260127_174304.csv,1,100,per_file_plots/chunked_1/timsort_hol_sleep_0.01_pushint_0.01_mb100_chunked_1_20260127_174304,0.5413197259159976
timsort_hol_sleep_0.01_pushint_0.01_mb20_chunked_0_20260128_110311.csv,0,20,per_file_plots/chunked_0/timsort_hol_sleep_0.01_pushint_0.01_mb20_chunked_0_20260128_110311,0.7041631244888956
timsort_hol_sleep_0.01_pushint_0.01_mb20_chunked_1_20260128_132345.csv,1,20,per_file_plots/chunked_1/timsort_hol_sleep_0.01_pushint_0.01_mb20_chunked_1_20260128_132345,0.6269243971763302
timsort_hol_sleep_0.01_pushint_0.01_mb40_chunked_0_20260128_061847.csv,0,40,per_file_plots/chunked_0/timsort_hol_sleep_0.01_pushint_0.01_mb40_chunked_0_20260128_061847,0.6344721404428236
timsort_hol_sleep_0.01_pushint_0.01_mb40_chunked_1_20260128_084332.csv,1,40,per_file_plots/chunked_1/timsort_hol_sleep_0.01_pushint_0.01_mb40_chunked_1_20260128_084332,
timsort_hol_sleep_0.01_pushint_0.01_mb60_chunked_0_20260128_012403.csv,0,60,per_file_plots/chunked_0/timsort_hol_sleep_0.01_pushint_0.01_mb60_chunked_0_20260128_012403,-0.008607917128002386
timsort_hol_sleep_0.01_pushint_0.01_mb60_chunked_1_20260128_035415.csv,1,60,per_file_plots/chunked_1/timsort_hol_sleep_0.01_pushint_0.01_mb60_chunked_1_20260128_035415,-0.2834636929537658
timsort_hol_sleep_0.01_pushint_0.01_mb80_chunked_0_20260127_201813.csv,0,80,per_file_plots/chunked_0/timsort_hol_sleep_0.01_pushint_0.01_mb80_chunked_0_20260127_201813,0.8200846759258404
timsort_hol_sleep_0.01_pushint_0.01_mb80_chunked_1_20260127_225434.csv,1,80,per_file_plots/chunked_1/timsort_hol_sleep_0.01_pushint_0.01_mb80_chunked_1_20260127_225434,0.037404231025678074
