orig_slo,insertion_time,wait_time,prompt_tok,out_tok,total_tok,ttft,execution_time,diff,violation,total_violation,finished_time,success_rate_pct,success_count,processed_count
10.0,1768830571.8719,0.1502,27,32,59,0.0239,0.0239,-9.8259,0.0,0.0,1768830572.4959307,100.0,2,2
10.0,1768830573.2071,0.8349,27,32,59,0.0317,0.0317,-9.1334,0.0,0.0,1768830574.5494018,100.0,3,3
11.0,1768830577.6003,0.481,27,32,59,0.0346,0.0346,-10.4844,0.0,0.0,1768830578.742078,100.0,5,5
16.0,1768830574.217,7.9118,27,32,59,0.0235,0.0235,-8.0647,0.0,0.0,1768830582.8479602,100.0,6,6
20.0,1768830570.3324,12.8067,27,32,59,0.0338,0.0338,-7.1595,0.0,0.0,1768830583.872444,100.0,7,7
11.0,1768830579.8292,4.326,27,32,59,0.0204,0.0204,-6.6537,0.0,0.0,1768830584.8782268,100.0,8,8
11.0,1768830579.8741,5.2857,27,32,59,0.022,0.022,-5.6923,0.0,0.0,1768830585.8842714,100.0,9,9
15.0,1768830576.0628,10.1072,27,32,59,0.041,0.041,-4.8518,0.0,0.0,1768830586.9146955,100.0,10,10
16.0,1768830573.084,6.0091,3015,329,3344,0.3912,0.3912,-9.5997,0.0,0.0,1768830587.8847373,100.0,11,11
18.0,1768830573.1185,14.0641,27,32,59,0.0371,0.0371,-3.8988,0.0,0.0,1768830587.9253888,100.0,12,12
14.0,1768830577.576,10.6174,27,32,59,0.0302,0.0302,-3.3524,0.0,0.0,1768830588.9130428,100.0,13,13
19.0,1768830572.6906,16.5194,27,32,59,0.0251,0.0251,-2.4556,0.0,0.0,1768830589.9280536,100.0,14,14
19.0,1768830573.1968,18.0318,27,32,59,0.0369,0.0369,-0.9313,0.0,0.0,1768830591.9623916,100.0,16,16
16.0,1768830576.4734,16.777,27,32,59,0.0325,0.0325,0.8095,0.8095,0.8095,1768830593.9980748,94.12,16,17
22.0,1768830571.0931,25.1896,27,32,59,0.0434,0.0434,3.233,3.233,4.0425,1768830597.0848422,88.89,16,18
34.0,1768830569.9954,0.0054,3840,1025,4865,0.5522,0.5522,-33.4424,0.0,4.0425,1768830597.2091913,89.47,17,19
15.0,1768830578.1586,19.1347,27,32,59,0.0427,0.0427,4.1774,4.1774,8.2199,1768830598.0792987,85.0,17,20
13.0,1768830571.6429,1.3895,3194,1028,4222,0.4077,0.4077,-11.2028,0.0,8.2199,1768830601.8994248,85.71,18,21
15.0,1768830578.7169,23.6329,3151,51,3202,0.4207,0.4207,9.0536,9.0536,17.2735,1768830604.0516052,81.82,18,22
14.0,1768830571.0547,3.9976,12339,1034,13373,1.9267,1.9267,-8.0757,0.0,17.2735,1768830605.3351183,82.61,19,23
13.0,1768830575.1495,1.922,3299,1033,4332,0.427,0.427,-10.651,0.0,17.2735,1768830605.8156416,83.33,20,24
19.0,1768830570.2464,9.8571,3276,1028,4304,0.428,0.428,-8.7149,0.0,17.2735,1768830608.9600415,84.0,21,25
18.0,1768830572.147,8.9713,4378,1016,5394,0.5959,0.5959,-8.4328,0.0,17.2735,1768830610.3339455,84.62,22,26
24.0,1768830571.2805,39.1602,27,32,59,0.0315,0.0315,15.1917,15.1917,32.4652,1768830611.1503236,81.48,22,27
21.0,1768830574.3395,37.1173,27,32,59,0.0304,0.0304,16.1477,16.1477,48.613,1768830612.1668985,78.57,22,28
20.0,1768830575.3937,37.0703,27,32,59,0.0398,0.0398,17.1101,17.1101,65.7231,1768830613.1842685,75.86,22,29
18.0,1768830574.4671,17.7715,3750,1023,4773,0.4877,0.4877,0.2591,0.2591,65.9822,1768830621.5592263,73.33,22,30
22.0,1768830570.5214,23.7434,3326,1024,4350,0.4402,0.4402,2.1836,2.1836,68.1658,1768830623.6990128,70.97,22,31
14.0,1768830578.5513,16.7211,2948,1018,3966,0.4094,0.4094,3.1305,3.1305,71.2963,1768830624.259015,68.75,22,32
22.0,1768830571.9731,33.4104,2955,698,3653,0.4053,0.4053,11.8156,11.8156,83.1119,1768830624.3050616,66.67,22,33
25.0,1768830571.3113,54.329,27,32,59,0.0256,0.0256,29.3546,29.3546,112.4665,1768830626.3432486,64.71,22,34
16.0,1768830577.2624,21.0419,3069,1029,4098,0.3905,0.3905,5.4325,5.4325,117.899,1768830627.0085921,62.86,22,35
11.0,1768830585.6907,40.9648,27,32,59,0.0208,0.0208,29.9856,29.9856,147.8846,1768830627.3371084,61.11,22,36
22.0,1768830571.3252,27.9903,3898,1025,4923,0.5098,0.5098,6.5002,6.5002,154.3847,1768830627.5483139,59.46,22,37
19.0,1768830578.2462,49.4271,27,32,59,0.0223,0.0223,30.4494,30.4494,184.8341,1768830628.3176003,57.89,22,38
22.0,1768830571.8616,32.5143,3069,1023,4092,0.3947,0.3947,10.909,10.909,195.7431,1768830632.2483368,56.41,22,39
24.0,1768830574.0204,57.7076,27,32,59,0.0239,0.0239,33.7315,33.7315,229.4746,1768830632.4391525,55.0,22,40
13.0,1768830585.5672,47.1751,27,32,59,0.0253,0.0253,34.2004,34.2004,263.6751,1768830633.4434118,53.66,22,41
17.0,1768830577.1666,29.2276,5661,1023,6684,0.7641,0.7641,12.9917,12.9917,276.6668,1768830633.467213,52.38,22,42
26.0,1768830572.6263,61.1357,27,32,59,0.0383,0.0383,35.174,35.174,311.8408,1768830634.4294312,51.16,22,43
14.0,1768830584.6293,50.1409,27,32,59,0.0347,0.0347,36.1756,36.1756,348.0164,1768830635.4366045,50.0,22,44
11.0,1768830584.0157,25.4124,5703,1028,6731,0.7629,0.7629,15.1753,15.1753,363.1917,1768830635.581766,48.89,22,45
11.0,1768830587.794,49.0029,27,32,59,0.0214,0.0214,38.0242,38.0242,401.2159,1768830637.4277277,47.83,22,46
19.0,1768830579.8087,58.1352,27,32,59,0.0259,0.0259,39.1611,39.1611,440.377,1768830638.584908,46.81,22,47
14.0,1768830581.9734,31.502,5198,1027,6225,0.687,0.687,18.189,18.189,458.566,1768830639.0567956,45.83,22,48
28.0,1768830571.1163,67.8423,27,32,59,0.0317,0.0317,39.874,39.874,498.44,1768830639.5795481,44.9,22,49
18.0,1768830581.6525,60.3447,27,9,36,0.0367,0.0367,42.3814,42.3814,581.7009,1768830642.2099037,43.14,22,51
21.0,1768830578.7629,65.2603,27,32,59,0.0374,0.0374,44.2978,44.2978,625.9987,1768830644.7026289,42.31,22,52
30.0,1768830570.0745,74.9642,27,32,59,0.0194,0.0194,44.9836,44.9836,670.9823,1768830645.7040513,41.51,22,53
30.0,1768830570.2119,75.8408,27,31,58,0.0279,0.0279,45.8687,45.8687,716.851,1768830646.7262459,40.74,22,54
24.0,1768830572.0923,49.4951,4376,1032,5408,0.5704,0.5704,26.0655,26.0655,742.9165,1768830646.8337693,40.0,22,55
18.0,1768830582.2495,64.8172,27,32,59,0.0219,0.0219,46.8391,46.8391,789.7556,1768830647.68311,39.29,22,56
10.0,1768830586.2373,38.3885,3260,1030,4290,0.4304,0.4304,28.8188,28.8188,818.5744,1768830649.4673195,38.6,22,57
16.0,1768830584.6061,64.4888,27,32,59,0.0318,0.0318,48.5205,48.5205,867.0949,1768830649.7496912,37.93,22,58
12.0,1768830588.7257,61.3853,27,32,59,0.0316,0.0316,49.417,49.417,916.5119,1768830650.7382762,37.29,22,59
13.0,1768830587.8422,63.2803,27,32,59,0.0304,0.0304,50.3107,50.3107,966.8226,1768830651.756558,36.67,22,60
25.0,1768830575.9192,76.2168,27,32,59,0.037,0.037,51.2539,51.2539,1018.0765,1768830652.7751667,36.07,22,61
25.0,1768830572.2509,56.4352,3022,1027,4049,0.3856,0.3856,31.8209,31.8209,1049.8973,1768830652.8149152,35.48,22,62
21.0,1768830576.4259,53.2735,3365,1028,4393,0.4506,0.4506,32.7241,32.7241,1082.6214,1768830653.4416296,34.92,22,63
27.0,1768830573.9497,79.2054,27,32,59,0.0329,0.0329,52.2382,52.2382,1134.8596,1768830653.7599268,34.38,22,64
26.0,1768830571.586,59.132,3044,1030,4074,0.4011,0.4011,33.5331,33.5331,1168.3927,1768830653.9397335,33.85,22,65
19.0,1768830582.0821,73.102,27,32,59,0.0301,0.0301,54.1322,54.1322,1222.5249,1768830655.7885544,33.33,22,66
13.0,1768830588.2328,67.9634,27,32,59,0.031,0.031,54.9944,54.9944,1277.5192,1768830656.8005555,32.84,22,67
10.0,1768830591.4557,65.7564,27,32,59,0.0219,0.0219,55.7783,55.7783,1333.2975,1768830657.807794,32.35,22,68
15.0,1768830586.4884,71.737,3367,28,3395,0.447,0.447,57.184,57.184,1390.4815,1768830659.2219837,31.88,22,69
23.0,1768830575.6859,60.1104,3979,1027,5006,0.5195,0.5195,37.6299,37.6299,1428.1114,1768830659.2447739,31.43,22,70
19.0,1768830582.5117,76.728,27,33,60,0.0312,0.0312,57.7592,57.7592,1485.8706,1768830659.829899,30.99,22,71
20.0,1768830581.7831,79.4956,27,32,59,0.6299,0.6299,60.1255,60.1255,1545.9961,1768830663.2673151,30.56,22,72
16.0,1768830586.3038,78.0187,27,32,59,0.3928,0.3928,62.4115,62.4115,1608.4076,1768830665.8463664,30.14,22,73
26.0,1768830573.6129,67.3726,3354,1025,4379,0.4407,0.4407,41.8132,41.8132,1650.2209,1768830669.1955822,29.73,22,74
20.0,1768830579.6972,63.3127,4000,1025,5025,0.5335,0.5335,43.8462,43.8462,1694.0671,1768830671.774225,29.33,22,75
21.0,1768830581.5683,90.8794,27,32,59,0.0238,0.0238,69.9032,69.9032,1763.9703,1768830673.2390685,28.95,22,76
21.0,1768830579.3179,68.7629,3516,1023,4539,0.4615,0.4615,48.2245,48.2245,1812.1947,1768830678.156701,28.57,22,77
27.0,1768830573.9856,80.1804,5661,1030,6691,0.7581,0.7581,53.9385,53.9385,1866.1332,1768830686.3400974,28.21,22,78
26.0,1768830575.5424,84.7222,10780,1024,11804,1.6302,1.6302,60.3524,60.3524,1926.4857,1768830694.6141303,27.85,22,79
23.0,1768830579.2449,83.048,5186,1036,6222,0.7062,0.7062,60.7543,60.7543,1987.2399,1768830695.5528376,27.5,22,80
18.0,1768830584.2522,79.0601,9559,1024,10583,1.3891,1.3891,62.4492,62.4492,2049.6891,1768830695.9401336,27.16,22,81
32.0,1768830570.3662,94.9714,3151,1025,4176,0.4106,0.4106,63.382,63.382,2113.0711,1768830696.5696166,26.83,22,82
27.0,1768830576.0236,119.8148,27,32,59,0.0441,0.0441,92.8589,92.8589,2205.93,1768830696.60996,26.51,22,83
28.0,1768830574.4124,91.9382,3195,1026,4221,0.4112,0.4112,64.3494,64.3494,2270.2793,1768830697.161222,26.19,22,84
26.0,1768830577.0446,119.8101,27,28,55,0.0332,0.0332,93.8433,93.8433,2364.1226,1768830697.5050087,25.88,22,85
22.0,1768830580.4323,86.9364,4467,1027,5494,0.5957,0.5957,65.5321,65.5321,2429.6547,1768830697.7294452,25.58,22,86
19.0,1768830584.0611,113.8114,27,32,59,0.0283,0.0283,94.8396,94.8396,2524.4943,1768830698.5499213,25.29,22,87
31.0,1768830571.5012,97.9012,3803,1028,4831,0.5091,0.5091,67.4102,67.4102,2591.9046,1768830698.9658952,25.0,22,88
28.0,1768830575.0769,123.8184,27,32,59,0.0224,0.0224,95.8408,95.8408,2687.7454,1768830699.5354376,24.72,22,89
25.0,1768830578.5862,121.321,27,32,59,0.0357,0.0357,96.3567,96.3567,2784.102,1768830700.5573041,24.44,22,90
31.0,1768830571.6162,101.8551,5236,1024,6260,0.717,0.717,71.5721,71.5721,2855.6741,1768830702.2247105,24.18,22,91
14.0,1768830589.7494,112.1945,27,32,59,0.0285,0.0285,98.2229,98.2229,2953.8971,1768830702.583249,23.91,22,92
20.0,1768830583.9635,119.1265,27,32,59,0.0368,0.0368,99.1633,99.1633,3053.0604,1768830703.7209392,23.66,22,93
11.0,1768830593.0541,112.0721,27,32,59,0.0265,0.0265,101.0986,101.0986,3154.159,1768830705.777916,23.4,22,94
11.0,1768830591.6576,86.8948,5069,1017,6086,0.6796,0.6796,76.5744,76.5744,3230.7334,1768830705.9627116,23.16,22,95
25.0,1768830579.5721,127.5987,27,32,59,0.0282,0.0282,102.6269,102.6269,3333.3603,1768830707.8062327,22.92,22,96
26.0,1768830577.9822,126.1251,2970,245,3215,0.3898,0.3898,100.5149,100.5149,3433.8752,1768830711.219057,22.68,22,97
13.0,1768830592.082,119.1704,27,31,58,0.0384,0.0384,106.2088,106.2088,3540.084,1768830711.9523022,22.45,22,98
13.0,1768830592.0923,120.1786,27,32,59,0.03,0.03,107.2087,107.2087,3647.2927,1768830712.966714,22.22,22,99
10.0,1768830592.6794,94.0035,8574,1033,9607,1.2258,1.2258,85.2292,85.2292,3732.5219,1768830714.2472775,22.0,22,100
29.0,1768830576.3068,138.0049,27,31,58,0.0343,0.0343,109.0392,109.0392,3841.5611,1768830714.9360778,21.78,22,101
12.0,1768830593.6781,122.6707,27,32,59,0.0247,0.0247,110.6954,110.6954,3952.2565,1768830717.014066,21.57,22,102
24.0,1768830581.9257,135.4402,27,32,59,0.0249,0.0249,111.4651,111.4651,4063.7216,1768830718.037412,21.36,22,103
21.0,1768830585.145,133.2386,27,32,59,0.0314,0.0314,112.27,112.27,4175.9916,1768830719.0624678,21.15,22,104
27.0,1768830575.7406,119.0809,3686,1031,4717,0.4944,0.4944,92.5753,92.5753,4268.5669,1768830720.0127487,20.95,22,105
26.0,1768830580.1497,139.2538,27,32,59,0.037,0.037,113.2908,113.2908,4381.8578,1768830720.0854428,20.75,22,106
26.0,1768830580.4834,140.9571,27,31,58,0.2439,0.2439,115.201,115.201,4497.0587,1768830722.381316,20.56,22,107
23.0,1768830583.6465,138.8125,3610,2,3612,0.4948,0.4948,116.3073,116.3073,4613.366,1768830723.0056896,20.37,22,108
36.0,1768830571.2702,153.2243,27,32,59,0.4974,0.4974,117.7217,117.7217,4731.0877,1768830725.7570398,20.18,22,109
23.0,1768830580.6145,120.3102,2980,1026,4006,0.4043,0.4043,97.7145,97.7145,4828.8022,1768830731.2512875,20.0,22,110
32.0,1768830572.4207,133.7333,3680,1027,4707,0.4733,0.4733,102.2067,102.2067,4931.0089,1768830737.6837673,19.82,22,111
20.0,1768830586.8909,136.5857,10062,404,10466,1.5013,1.5013,118.0871,118.0871,5049.0959,1768830737.7466493,19.64,22,112
27.0,1768830580.8345,157.9337,27,31,58,0.0423,0.0423,130.976,130.976,5180.0719,1768830739.5911543,19.47,22,113
34.0,1768830570.7178,137.4712,3159,1028,4187,0.4107,0.4107,103.8819,103.8819,5283.9538,1768830740.1858032,19.3,22,114
31.0,1768830576.9902,162.7969,27,32,59,0.0408,0.0408,131.8377,131.8377,5415.7915,1768830740.5958705,19.13,22,115
32.0,1768830572.7492,136.4593,3677,1032,4709,0.4888,0.4888,104.9481,104.9481,5520.7396,1768830740.9521747,18.97,22,116
11.0,1768830597.0137,143.803,27,32,59,0.0315,0.0315,132.8345,132.8345,5759.2535,1768830741.5903318,18.8,22,118
10.0,1768830595.0297,115.2044,3516,1023,4539,0.4749,0.4749,105.6793,105.6793,5759.2535,1768830741.596724,18.64,22,118
15.0,1768830593.0643,148.7789,27,32,59,0.0342,0.0342,133.8131,133.8131,5893.0665,1768830742.593029,18.49,22,119
21.0,1768830587.1108,155.748,27,32,59,0.0211,0.0211,134.7691,134.7691,6027.8356,1768830743.595758,18.33,22,120
18.0,1768830587.1346,126.1609,4219,1031,5250,0.5634,0.5634,108.7243,108.7243,6136.5599,1768830744.8250883,18.18,22,121
20.0,1768830588.1716,156.8761,27,32,59,0.0349,0.0349,136.911,136.911,6273.4709,1768830745.7799428,18.03,22,122
21.0,1768830584.5454,130.7859,3516,1026,4542,0.465,0.465,110.251,110.251,6383.7218,1768830747.6985674,17.89,22,123
10.0,1768830598.54,148.5369,27,32,59,0.1407,0.1407,138.6776,138.6776,6522.3994,1768830747.9529448,17.74,22,124
11.0,1768830597.7451,152.397,27,32,59,0.0289,0.0289,141.4258,141.4258,6663.8253,1768830750.9279795,17.6,22,125
26.0,1768830580.4523,139.9706,8588,1024,9612,1.2475,1.2475,115.2181,115.2181,6922.762,1768830755.3485365,17.32,22,127
38.0,1768830571.151,185.1157,27,32,59,0.0222,0.0222,147.138,147.138,7069.8999,1768830757.0430896,17.19,22,128
14.0,1768830595.1754,162.1161,27,31,58,0.0281,0.0281,148.1441,148.1441,7218.0441,1768830758.0739734,17.05,22,129
32.0,1768830575.4508,151.0809,11381,1032,12413,1.7288,1.7288,120.8097,120.8097,7338.8538,1768830758.4115264,16.92,22,130
30.0,1768830579.1995,179.1084,27,32,59,0.0424,0.0424,149.1508,149.1508,7488.0045,1768830759.0494158,16.79,22,131
30.0,1768830579.2098,180.119,27,32,59,0.0414,0.0414,150.1604,150.1604,7638.1649,1768830760.0628443,16.67,22,132
20.0,1768830587.6904,143.9369,3675,1023,4698,0.4925,0.4925,124.4294,124.4294,7762.5943,1768830761.6999784,16.54,22,133
21.0,1768830588.3937,173.1205,27,17,44,0.0229,0.0229,152.1434,152.1434,7914.7377,1768830761.9192083,16.42,22,134
27.0,1768830582.4165,180.1188,27,32,59,0.0326,0.0326,153.1514,153.1514,8067.8891,1768830763.2586155,16.3,22,135
28.0,1768830581.4841,182.0705,27,32,59,0.0248,0.0248,154.0953,154.0953,8221.9844,1768830764.2733772,16.18,22,136
23.0,1768830584.7053,153.0438,3486,1022,4508,0.4755,0.4755,130.5193,130.5193,8352.5037,1768830767.6917434,16.06,22,137
30.0,1768830579.5967,189.0605,27,32,59,0.0371,0.0371,159.0976,159.0976,8511.6014,1768830769.4037406,15.94,22,138
22.0,1768830586.158,157.7208,3271,1023,4294,0.4255,0.4255,136.1463,136.1463,8647.7476,1768830773.509049,15.83,22,139
40.0,1768830570.0241,203.7426,27,11,38,0.0222,0.0222,163.7648,163.7648,8811.5125,1768830774.0446472,15.71,22,140
35.0,1768830573.1728,172.884,8185,1024,9209,1.1469,1.1469,139.0308,139.0308,8950.5433,1768830775.302581,15.6,22,141
22.0,1768830588.0535,186.736,27,32,59,0.0212,0.0212,164.7572,164.7572,9115.3005,1768830775.5089426,15.49,22,142
28.0,1768830580.6537,167.445,3545,1031,4576,0.4616,0.4616,139.9067,139.9067,9255.2071,1768830776.1144059,15.38,22,143
26.0,1768830584.092,191.7199,27,32,59,0.0207,0.0207,165.7406,165.7406,9420.9477,1768830776.4716885,15.28,22,144
27.0,1768830581.7168,167.4054,3069,1024,4093,0.4073,0.4073,140.8127,140.8127,9561.7605,1768830776.6144624,15.17,22,145
31.0,1768830577.7749,173.3888,3940,1027,4967,0.5258,0.5258,142.9146,142.9146,9871.5825,1768830777.9423387,14.97,22,147
16.0,1768830594.1325,183.8689,27,32,59,0.0252,0.0252,167.8942,167.8942,10039.4767,1768830778.6007557,14.86,22,148
22.0,1768830587.012,166.191,3056,1026,4082,0.3988,0.3988,144.5898,144.5898,10184.0665,1768830778.8069158,14.77,22,149
38.0,1768830572.2132,206.8094,27,32,59,0.023,0.023,168.8324,168.8324,10352.8989,1768830779.601292,14.67,22,150
15.0,1768830595.476,187.6351,27,32,59,0.035,0.035,172.6701,172.6701,10525.5689,1768830783.7735775,14.57,22,151
27.0,1768830583.5078,200.6289,27,32,59,0.0314,0.0314,173.6603,173.6603,10699.2292,1768830784.7976031,14.47,22,152
32.0,1768830577.2384,183.1121,3130,1028,4158,0.4094,0.4094,151.5215,151.5215,10850.7507,1768830786.7119946,14.38,22,153
30.0,1768830580.7707,206.4375,27,32,59,0.026,0.026,176.4635,176.4635,11027.2142,1768830787.892414,14.29,22,154
35.0,1768830575.8852,212.3401,27,32,59,0.0319,0.0319,177.372,177.372,11204.5862,1768830788.9170306,14.19,22,155
13.0,1768830597.9001,191.3482,27,32,59,0.0334,0.0334,178.3816,178.3816,11382.9678,1768830789.944222,14.1,22,156
10.0,1768830599.5013,165.0746,5398,1024,6422,0.7449,0.7449,155.8195,155.8195,11538.7872,1768830790.3650606,14.01,22,157
19.0,1768830590.5576,175.0388,3367,1024,4391,0.4472,0.4472,156.4859,156.4859,11695.2732,1768830790.6189978,13.92,22,158
17.0,1768830593.9315,196.3487,27,24,51,0.0304,0.0304,179.3792,179.3792,11874.6523,1768830790.7872818,13.84,22,159
12.0,1768830599.2492,194.2299,27,32,59,0.0202,0.0202,182.2501,182.2501,12056.9024,1768830794.1523478,13.75,22,160
22.0,1768830587.6559,182.0223,2980,1029,4009,0.3976,0.3976,160.4199,160.4199,12217.3223,1768830794.622525,13.66,22,161
36.0,1768830575.2515,219.2545,27,32,59,0.0256,0.0256,183.2801,183.2801,12400.6025,1768830795.1483402,13.58,22,162
32.0,1768830579.3385,218.2415,27,32,59,0.037,0.037,186.2785,186.2785,12586.881,1768830798.29054,13.5,22,163
24.0,1768830586.2728,193.7722,3556,1027,4583,0.4593,0.4593,170.2315,170.2315,12757.1125,1768830806.7938743,13.41,22,164
39.0,1768830571.3924,209.6751,5661,1024,6685,0.7584,0.7584,171.4334,171.4334,12928.5459,1768830807.8918984,13.33,22,165
28.0,1768830582.4061,199.6818,3281,1026,4307,0.4234,0.4234,172.1052,172.1052,13100.6511,1768830808.7352686,13.25,22,166
36.0,1768830574.7239,211.4627,3279,867,4146,0.4308,0.4308,175.8935,175.8935,13276.5446,1768830808.7544973,13.17,22,167
41.0,1768830570.6199,239.4056,27,32,59,0.0305,0.0305,198.4361,198.4361,13474.9808,1768830810.727764,13.1,22,168
23.0,1768830588.8134,222.2454,27,32,59,0.0248,0.0248,199.2702,199.2702,13674.251,1768830811.7592545,13.02,22,169
34.0,1768830576.5472,208.6103,3058,1025,4083,0.405,0.405,175.0154,175.0154,13849.2664,1768830811.955063,12.94,22,170
11.0,1768830600.8781,211.2003,27,32,59,0.0303,0.0303,200.2306,200.2306,14049.497,1768830812.7675266,12.87,22,171
14.0,1768830598.1119,216.0176,27,32,59,0.0264,0.0264,202.044,202.044,14251.541,1768830814.8332248,12.79,22,172
28.0,1768830583.1121,208.3229,3097,1033,4130,0.416,0.416,180.7389,180.7389,14432.2799,1768830818.6569374,12.72,22,173
20.0,1768830591.2433,201.2136,3365,1026,4391,0.4431,0.4431,181.6567,181.6567,14613.9366,1768830819.3633196,12.64,22,174
19.0,1768830593.1939,226.2028,27,32,59,0.0337,0.0337,207.2365,207.2365,14821.1731,1768830820.0907328,12.57,22,175
32.0,1768830580.239,240.1955,27,32,59,0.0374,0.0374,208.2329,208.2329,15029.406,1768830821.1336584,12.5,22,176
16.0,1768830595.2768,200.2525,3556,1033,4589,0.4737,0.4737,184.7262,184.7262,15214.1322,1768830822.9166849,12.43,22,177
21.0,1768830590.3007,206.2534,3985,1028,5013,0.5328,0.5328,185.7863,185.7863,15399.9185,1768830823.5193791,12.36,22,178
38.0,1768830573.352,225.2506,5198,1023,6221,0.7118,0.7118,187.9624,187.9624,15587.8809,1768830825.872877,12.29,22,179
39.0,1768830572.4336,234.5186,3103,1026,4129,0.4036,0.4036,195.9222,195.9222,15783.8031,1768830834.1308603,12.22,22,180
18.0,1768830593.5319,214.4457,4219,1024,5243,0.5511,0.5511,196.9968,196.9968,15980.7999,1768830834.7542613,12.15,22,181
35.0,1768830576.56,232.4425,3004,1038,4042,0.3956,0.3956,197.8381,197.8381,16178.638,1768830835.9078128,12.09,22,182
12.0,1768830600.3874,224.1448,3276,454,3730,0.4289,0.4289,212.5736,212.5736,16391.2116,1768830836.5886137,12.02,22,183
34.0,1768830578.7033,257.2716,27,32,59,0.0272,0.0272,223.2988,223.2988,16614.5104,1768830836.6669557,11.96,22,184
20.0,1768830592.7037,244.2964,27,32,59,0.0242,0.0242,224.3206,224.3206,16838.831,1768830837.6573305,11.89,22,185
39.0,1768830573.7737,264.2518,27,32,59,0.0293,0.0293,225.2811,225.2811,17064.1121,1768830838.6895535,11.83,22,186
33.0,1768830578.9244,234.1771,3638,1019,4657,0.4774,0.4774,201.6545,201.6545,17265.7666,1768830839.907615,11.76,22,187
37.0,1768830575.9706,264.2593,27,32,59,0.0339,0.0339,227.2933,227.2933,17493.0599,1768830840.9001634,11.7,22,188
11.0,1768830601.1566,214.1406,3768,1034,4802,0.4879,0.4879,203.6285,203.6285,17696.6884,1768830843.1319034,11.64,22,189
17.0,1768830596.5745,245.7144,27,32,59,0.5535,0.5535,229.2679,229.2679,17925.9563,1768830843.978326,11.58,22,190
24.0,1768830589.7276,254.623,27,32,59,0.0377,0.0377,230.6607,230.6607,18156.617,1768830845.1196995,11.52,22,191
34.0,1768830579.7739,265.6066,27,32,59,0.0328,0.0328,231.6394,231.6394,18388.2564,1768830846.1494198,11.46,22,192
14.0,1768830598.2511,223.2017,3194,1030,4224,0.4209,0.4209,209.6227,209.6227,18597.8791,1768830850.654478,11.4,22,193
38.0,1768830574.2649,248.2142,3044,1029,4073,0.4056,0.4056,210.6198,210.6198,18808.4989,1768830851.2917204,11.34,22,194
33.0,1768830579.3864,244.1219,3173,1014,4187,0.4187,0.4187,211.5406,211.5406,19020.0394,1768830852.0072346,11.28,22,195
44.0,1768830570.1879,281.5028,27,32,59,0.03,0.03,237.5328,237.5328,19257.5723,1768830852.432903,11.22,22,196
18.0,1768830596.2232,256.4935,27,32,59,0.0404,0.0404,238.5339,238.5339,19496.1062,1768830853.4577174,11.17,22,197
11.0,1768830601.408,225.1751,5834,1025,6859,0.7886,0.7886,214.9636,214.9636,19711.0698,1768830854.8543127,11.11,22,198
32.0,1768830582.4514,272.3274,27,32,59,0.0422,0.0422,240.3696,240.3696,19951.4395,1768830855.5183957,11.06,22,199
22.0,1768830592.5978,264.2464,27,32,59,0.0282,0.0282,242.2746,242.2746,20193.714,1768830857.5759833,11.0,22,200
35.0,1768830578.2806,262.9781,10463,551,11014,1.5698,1.5698,229.5479,229.5479,20423.262,1768830857.7221637,10.95,22,201
13.0,1768830601.6286,256.2444,27,32,59,0.0261,0.0261,243.2705,243.2705,20666.5324,1768830858.5011601,10.89,22,202
11.0,1768830603.8149,257.2883,27,32,59,0.0281,0.0281,246.3164,246.3164,20912.8488,1768830861.855013,10.84,22,203
35.0,1768830580.0207,283.1366,27,32,59,0.0278,0.0278,248.1644,248.1644,21409.2525,1768830863.9103434,10.73,22,205
16.0,1768830596.5436,238.4044,5028,1024,6052,0.6681,0.6681,223.0725,223.0725,21632.325,1768830865.973395,10.68,22,206
15.0,1768830600.3978,265.8514,27,32,59,0.0293,0.0293,250.8807,250.8807,21883.2056,1768830866.9962938,10.63,22,207
45.0,1768830570.4585,296.8214,27,32,59,0.0237,0.0237,251.8451,251.8451,22135.0507,1768830868.022359,10.58,22,208
42.0,1768830573.5792,294.7305,27,32,59,0.0222,0.0222,252.7528,252.7528,22387.8035,1768830869.0513337,10.53,22,209
35.0,1768830577.9683,261.2336,3279,1023,4302,0.4262,0.4262,226.6598,226.6598,22614.4633,1768830870.494602,10.48,22,210
34.0,1768830581.7625,289.7832,27,32,59,0.0394,0.0394,255.8226,255.8226,22870.2859,1768830872.3050842,10.43,22,211
10.0,1768830603.6151,239.6983,3216,1027,4243,0.4281,0.4281,230.1264,230.1264,23100.4123,1768830873.2902033,10.38,22,212
37.0,1768830578.9697,294.6306,27,32,59,0.0413,0.0413,257.6719,257.6719,23358.0842,1768830874.3572562,10.33,22,213
23.0,1768830590.8723,255.535,3044,1030,4074,0.4018,0.4018,232.9368,232.9368,23591.021,1768830876.7423797,10.28,22,214
36.0,1768830578.4998,277.3154,2955,697,3652,0.392,0.392,241.7073,241.7073,23832.7283,1768830877.234233,10.23,22,215
12.0,1768830601.9004,245.5335,2999,1027,4026,0.4002,0.4002,233.9337,233.9337,24066.662,1768830877.3675416,10.19,22,216
15.0,1768830601.2652,278.5029,27,32,59,0.0277,0.0277,263.5306,263.5306,24330.1927,1768830880.5150473,10.14,22,217
17.0,1768830597.2605,256.4842,3436,1029,4465,0.4531,0.4531,239.9373,239.9373,24570.13,1768830884.466498,10.09,22,218
23.0,1768830593.1733,284.5401,2971,413,3384,0.3953,0.3953,261.9355,261.9355,24832.0654,1768830889.4301856,10.05,22,219
42.0,1768830572.6802,286.2205,5207,1031,6238,0.7064,0.7064,244.9269,244.9269,25076.9923,1768830889.8573594,10.0,22,220
35.0,1768830579.7635,280.1675,8185,1035,9220,1.1666,1.1666,246.3341,246.3341,25323.3264,1768830890.262398,9.95,22,221
21.0,1768830595.3169,294.8801,27,32,59,0.0305,0.0305,273.9106,273.9106,25597.2371,1768830890.8666434,9.91,22,222
45.0,1768830570.7324,298.6046,3952,782,4734,0.5337,0.5337,254.1383,254.1383,25851.3753,1768830891.4581125,9.87,22,223
12.0,1768830604.3369,287.0374,27,32,59,0.0373,0.0373,275.0747,275.0747,26126.45,1768830892.0360062,9.82,22,224
35.0,1768830580.165,284.0256,3873,1037,4910,0.5167,0.5167,249.5423,249.5423,26375.9923,1768830892.14065,9.78,22,225
22.0,1768830594.4622,298.9683,27,32,59,0.034,0.034,277.0023,277.0023,26652.9946,1768830894.0794413,9.73,22,226
17.0,1768830599.4853,294.9743,27,32,59,0.0268,0.0268,278.0011,278.0011,26930.9957,1768830895.104356,9.69,22,227
28.0,1768830588.5276,307.9869,27,19,46,0.0367,0.0367,280.0236,280.0236,27211.0193,1768830896.9388037,9.65,22,228
25.0,1768830591.6416,305.9012,27,32,59,0.0362,0.0362,280.9374,280.9374,27491.9567,1768830898.2105763,9.61,22,229
20.0,1768830596.7602,301.8091,27,32,59,0.0372,0.0372,281.8463,281.8463,27773.803,1768830899.2397237,9.57,22,230
38.0,1768830577.825,294.7472,3468,1021,4489,0.4752,0.4752,257.2223,257.2223,28031.0253,1768830899.3845112,9.52,22,231
39.0,1768830577.8635,321.7329,27,1,28,0.035,0.035,282.7679,282.7679,28313.7933,1768830899.6532059,9.48,22,232
44.0,1768830572.0492,302.5794,5971,1028,6999,0.8171,0.8171,259.3966,259.3966,28573.1898,1768830900.7698462,9.44,22,233
23.0,1768830593.9808,306.7945,27,32,59,0.0207,0.0207,283.8151,283.8151,28857.005,1768830901.3667362,9.4,22,234
22.0,1768830594.2418,284.4991,3436,1029,4465,0.4447,0.4447,262.9438,262.9438,29119.9488,1768830904.2397363,9.36,22,235
32.0,1768830585.1716,318.6858,27,32,59,0.0367,0.0367,286.7226,286.7226,29406.6714,1768830904.506485,9.32,22,236
14.0,1768830603.1794,301.7061,27,32,59,0.0211,0.0211,287.7272,287.7272,29694.3986,1768830905.5120687,9.28,22,237
24.0,1768830592.3008,288.493,3806,1027,4833,0.4962,0.4962,264.9893,264.9893,29959.3879,1768830905.6141753,9.24,22,238
42.0,1768830575.5667,331.3737,27,32,59,0.0279,0.0279,289.4015,289.4015,30537.7235,1768830907.5436275,9.17,22,240
45.0,1768830572.5955,335.3713,27,32,59,0.0327,0.0327,290.404,290.404,30828.1275,1768830908.574082,9.13,22,241
23.0,1768830593.3044,291.7611,5028,1038,6066,0.6766,0.6766,269.4377,269.4377,31097.5652,1768830909.5292947,9.09,22,242
30.0,1768830588.0329,325.2237,27,32,59,0.0372,0.0372,295.261,295.261,31392.8262,1768830913.9434023,9.05,22,243
28.0,1768830590.4238,323.8588,27,32,59,0.0215,0.0215,295.8803,295.8803,31688.7064,1768830914.9551487,9.02,22,244
11.0,1768830605.344,287.0593,3610,1029,4639,0.4766,0.4766,276.5359,276.5359,31965.2424,1768830918.147493,8.98,22,245
27.0,1768830591.4661,326.9296,27,32,59,0.0198,0.0198,299.9493,299.9493,32265.1917,1768830919.0891416,8.94,22,246
14.0,1768830602.4909,292.9955,3087,1026,4113,0.4024,0.4024,279.3979,279.3979,32544.5895,1768830921.4317584,8.91,22,247
12.0,1768830606.4978,314.9808,27,32,59,0.0259,0.0259,303.0066,303.0066,32847.5962,1768830922.1771035,8.87,22,248
30.0,1768830588.6071,333.8995,27,32,59,0.0277,0.0277,303.9272,303.9272,33151.5233,1768830923.2119915,8.84,22,249
32.0,1768830586.6318,337.0523,27,32,59,0.0406,0.0406,305.0928,305.0928,33456.6162,1768830924.4040844,8.8,22,250
21.0,1768830597.6351,327.0797,27,32,59,0.0265,0.0265,306.1062,306.1062,33762.7224,1768830925.421314,8.76,22,251
25.0,1768830591.9885,309.8157,4378,1027,5405,0.5842,0.5842,285.3999,285.3999,34048.1223,1768830928.704843,8.73,22,252
20.0,1768830598.7357,330.0989,3089,15,3104,0.4082,0.4082,310.5071,310.5071,34358.6295,1768830929.5867887,8.7,22,253
43.0,1768830574.0101,328.8203,3581,1024,4605,0.4737,0.4737,286.2939,286.2939,34644.9234,1768830929.6316452,8.66,22,254
45.0,1768830572.8187,338.2331,3155,713,3868,0.4047,0.4047,293.6377,293.6377,35249.5846,1768830929.9400249,8.59,22,256
18.0,1768830600.8986,332.0473,27,31,58,0.0187,0.0187,314.0659,314.0659,35875.6838,1768830933.6322703,8.53,22,258
11.0,1768830606.6182,302.3764,3290,1030,4320,0.4319,0.4319,291.8083,291.8083,36167.4921,1768830936.6325219,8.49,22,259
41.0,1768830576.6435,333.3789,5207,1033,6240,0.6962,0.6962,293.0751,293.0751,36460.5672,1768830937.4002414,8.46,22,260
20.0,1768830599.0574,338.1523,27,32,59,0.024,0.024,318.1763,318.1763,36778.7435,1768830937.8995605,8.43,22,261
41.0,1768830577.0206,335.2077,3516,1028,4544,0.4593,0.4593,294.667,294.667,37073.4105,1768830939.0280824,8.4,22,262
26.0,1768830593.2882,345.9856,27,32,59,0.0302,0.0302,320.0158,320.0158,37393.4262,1768830939.9541616,8.37,22,263
42.0,1768830577.2932,363.0102,27,32,59,0.0331,0.0331,321.0433,321.0433,37714.4696,1768830940.990057,8.33,22,264
34.0,1768830584.4427,330.8687,3662,1031,4693,0.4769,0.4769,297.3456,297.3456,38011.8152,1768830941.6963034,8.3,22,265
26.0,1768830593.3921,347.9362,27,32,59,0.0264,0.0264,321.9627,321.9627,38333.7778,1768830941.9926968,8.27,22,266
33.0,1768830585.448,330.8918,4219,1029,5248,0.5439,0.5439,298.4357,298.4357,38632.2135,1768830942.2125776,8.24,22,267
18.0,1768830601.5479,341.985,27,32,59,0.0291,0.0291,324.0141,324.0141,38956.2276,1768830944.1676276,8.21,22,268
22.0,1768830596.4784,322.9441,3246,1032,4278,0.4208,0.4208,301.3649,301.3649,39257.5925,1768830945.2911503,8.18,22,269
37.0,1768830582.6454,363.9722,27,32,59,0.0308,0.0308,327.003,327.003,39584.5955,1768830947.29159,8.15,22,270
20.0,1768830599.728,347.9164,27,32,59,0.0195,0.0195,327.9359,327.9359,39912.5314,1768830948.308734,8.12,22,271
44.0,1768830575.7612,372.912,27,32,59,0.0286,0.0286,328.9406,328.9406,40241.4719,1768830949.3468857,8.09,22,272
23.0,1768830595.6868,330.0656,5200,1028,6228,0.6968,0.6968,307.7624,307.7624,40549.2344,1768830952.1657884,8.06,22,273
31.0,1768830587.895,344.0237,3044,1027,4071,0.4056,0.4056,313.4293,313.4293,40862.6637,1768830957.5469534,8.03,22,274
38.0,1768830580.9347,353.1881,3267,1023,4290,0.4271,0.4271,315.6152,315.6152,41178.2789,1768830959.7758865,8.0,22,275
24.0,1768830595.0048,340.1501,3581,1030,4611,0.4572,0.4572,316.6073,316.6073,41494.8861,1768830960.3730903,7.97,22,276
13.0,1768830606.9238,353.2149,27,32,59,0.0195,0.0195,340.2344,340.2344,41835.1206,1768830960.7984207,7.94,22,277
12.0,1768830608.0409,353.1278,27,32,59,0.0274,0.0274,341.1552,341.1552,42176.2757,1768830961.8375394,7.91,22,278
37.0,1768830583.1808,379.0149,27,32,59,0.018,0.018,342.0329,342.0329,42518.3086,1768830962.8564224,7.89,22,279
12.0,1768830607.0722,331.1732,3210,1032,4242,0.4331,0.4331,319.6063,319.6063,42837.9149,1768830962.8835983,7.86,22,280
37.0,1768830583.4003,381.0064,27,32,59,0.0209,0.0209,344.0273,344.0273,43181.9422,1768830965.0688078,7.83,22,281
34.0,1768830585.5311,356.8251,3271,1032,4303,0.4353,0.4353,323.2605,323.2605,43505.2026,1768830967.8074877,7.8,22,282
32.0,1768830588.6788,379.8418,27,32,59,0.0261,0.0261,347.8679,347.8679,43853.0706,1768830969.200575,7.77,22,283
43.0,1768830576.5737,367.9873,3197,1027,4224,0.4045,0.4045,325.3918,325.3918,44178.4624,1768830969.7429085,7.75,22,284
31.0,1768830589.7025,379.8457,27,32,59,0.0194,0.0194,348.8651,348.8651,44527.3275,1768830970.2110348,7.72,22,285
25.0,1768830594.6141,350.975,2972,1025,3997,0.4045,0.4045,326.3795,326.3795,44853.707,1768830970.414428,7.69,22,286
29.0,1768830591.7367,378.8388,27,33,60,0.0213,0.0213,349.8601,349.8601,45203.5671,1768830971.1907463,7.67,22,287
18.0,1768830602.8661,369.7665,27,28,55,0.0226,0.0226,351.789,351.789,45555.3561,1768830973.2318623,7.64,22,288
26.0,1768830593.7723,355.9274,3267,1031,4298,0.419,0.419,330.3464,330.3464,45885.7025,1768830974.892999,7.61,22,289
19.0,1768830601.9253,372.7648,27,32,59,0.0289,0.0289,353.7937,353.7937,46239.4962,1768830975.3587317,7.59,22,290
28.0,1768830591.8036,358.923,3805,1024,4829,0.4876,0.4876,331.4107,331.4107,46570.9069,1768830975.4825554,7.56,22,291
27.0,1768830592.8175,359.9661,3230,1026,4256,0.424,0.424,333.3901,333.3901,47259.5873,1768830977.7099783,7.51,22,293
17.0,1768830604.3862,375.6143,27,32,59,0.0257,0.0257,358.6401,358.6401,47975.779,1768830980.6581216,7.46,22,295
21.0,1768830600.4085,381.6491,27,18,45,0.0335,0.0335,360.6826,360.6826,48336.4616,1768830982.4669456,7.43,22,296
40.0,1768830579.8536,378.2274,3355,1027,4382,0.4526,0.4526,338.68,338.68,48675.1416,1768830984.4370878,7.41,22,297
42.0,1768830578.6429,387.8213,3332,690,4022,0.4425,0.4425,346.2638,346.2638,49021.4054,1768830984.6434233,7.38,22,298
37.0,1768830583.3015,379.9223,3197,1025,4222,0.4017,0.4017,343.324,343.324,49364.7294,1768830990.705913,7.36,22,299
14.0,1768830607.5584,383.9295,27,32,59,0.0355,0.0355,369.965,369.965,49734.6944,1768830992.2058754,7.33,22,300
20.0,1768830600.5937,364.8405,3680,1020,4700,0.4821,0.4821,345.3227,345.3227,50080.017,1768830992.6849995,7.31,22,301
50.0,1768830571.5621,420.9546,27,20,47,0.0299,0.0299,370.9845,370.9845,50451.0015,1768830992.9807558,7.28,22,302
16.0,1768830604.7843,366.8207,3159,1028,4187,0.4148,0.4148,351.2355,351.2355,50802.237,1768830999.5846994,7.26,22,303
22.0,1768830598.909,374.7505,3490,1030,4520,0.4582,0.4582,353.2087,353.2087,51155.4457,1768831001.8055887,7.24,22,304
30.0,1768830591.0024,385.903,3347,1034,4381,0.438,0.438,356.341,356.341,51511.7867,1768831005.0144603,7.21,22,305
26.0,1768830595.2238,383.7497,3468,1025,4493,0.4623,0.4623,358.212,358.212,51869.9987,1768831006.1926548,7.19,22,306
48.0,1768830573.3862,407.6415,3069,1027,4096,0.3876,0.3876,360.0291,360.0291,52230.0278,1768831009.002433,7.17,22,307
24.0,1768830597.9785,411.3129,27,32,59,0.033,0.033,387.3459,387.3459,52617.3737,1768831010.0235577,7.14,22,308
30.0,1768830591.4454,391.6433,3730,1031,4761,0.4923,0.4923,362.1356,362.1356,52979.5093,1768831011.2358592,7.12,22,309
38.0,1768830584.1654,427.1827,27,32,59,0.0298,0.0298,389.2124,389.2124,53368.7217,1768831012.0722253,7.1,22,310
44.0,1768830577.4605,407.8411,5567,1027,6594,0.7536,0.7536,364.5947,364.5947,53733.3164,1768831013.6581397,7.07,22,311
18.0,1768830603.5484,382.7817,4303,1026,5329,0.5795,0.5795,365.3611,365.3611,54098.6775,1768831013.9635305,7.05,22,312
16.0,1768830606.2779,408.1568,27,32,59,0.0318,0.0318,392.1885,392.1885,54490.866,1768831015.1236775,7.03,22,313
32.0,1768830589.9587,417.2671,4788,295,5083,0.6488,0.6488,385.9159,385.9159,54876.7819,1768831015.3788977,7.01,22,314
51.0,1768830571.4448,445.2057,27,32,59,0.0219,0.0219,394.2276,394.2276,55271.0096,1768831017.3315117,6.98,22,315
29.0,1768830593.4893,425.2984,27,32,59,0.0383,0.0383,396.3367,396.3367,55667.3463,1768831019.5067623,6.96,22,316
33.0,1768830589.499,430.3179,27,32,59,0.0285,0.0285,397.3465,397.3465,56064.6927,1768831020.5298958,6.94,22,317
21.0,1768830600.6507,392.8959,5207,1028,6235,0.7013,0.7013,372.5972,372.5972,56437.2899,1768831022.028116,6.92,22,318
28.0,1768830593.7446,400.8299,3805,1023,4828,0.5023,0.5023,373.3322,373.3322,56810.6221,1768831022.370011,6.9,22,319
21.0,1768830601.5582,421.3589,27,32,59,0.0387,0.0387,400.3976,400.3976,57211.0197,1768831023.6142888,6.88,22,320
10.0,1768830612.8241,413.1876,27,32,59,0.031,0.031,403.2186,403.2186,58016.6333,1768831026.7206354,6.83,22,322
14.0,1768830607.7708,392.1016,3099,1022,4121,0.408,0.408,378.5096,378.5096,58395.1428,1768831027.4821339,6.81,22,323
48.0,1768830574.8553,452.3358,27,32,59,0.0206,0.0206,404.3565,404.3565,58799.4993,1768831027.881654,6.79,22,324
27.0,1768830595.8934,432.3264,27,32,59,0.0304,0.0304,405.3569,405.3569,59204.8561,1768831028.9156997,6.77,22,325
36.0,1768830585.7814,416.1451,3676,1026,4702,0.4919,0.4919,380.637,380.637,59585.4932,1768831029.064619,6.75,22,326
41.0,1768830580.8477,425.3479,3680,1026,4706,0.4735,0.4735,384.8214,384.8214,59970.3146,1768831034.0384786,6.73,22,327
52.0,1768830571.5364,462.8556,27,32,59,0.0241,0.0241,410.8797,410.8797,60381.1943,1768831035.0924208,6.71,22,328
30.0,1768830593.5561,441.8669,27,32,59,0.0292,0.0292,411.896,411.896,60793.0903,1768831036.130593,6.69,22,329
50.0,1768830572.0772,438.2428,3172,1030,4202,0.4066,0.4066,388.6493,388.6493,61181.7397,1768831037.0002334,6.67,22,330
44.0,1768830579.6827,456.7679,27,32,59,0.0187,0.0187,412.7867,412.7867,61594.5263,1768831037.1458502,6.65,22,331
48.0,1768830575.751,461.8839,27,31,58,0.0231,0.0231,413.907,413.907,62008.4333,1768831038.3197553,6.63,22,332
18.0,1768830604.249,408.1291,4077,1024,5101,0.54,0.54,390.6691,390.6691,62399.1024,1768831038.5739117,6.61,22,333
40.0,1768830583.7822,454.8806,27,23,50,0.0193,0.0193,414.8999,414.8999,62814.0023,1768831039.142056,6.59,22,334
21.0,1768830602.0815,428.1942,3170,376,3546,0.4041,0.4041,407.5983,407.5983,63221.6006,1768831039.3826838,6.57,22,335
30.0,1768830593.8077,445.8834,27,32,59,0.0348,0.0348,415.9183,415.9183,63637.5189,1768831040.3403425,6.55,22,336
52.0,1768830570.322,445.14,4788,1025,5813,0.6546,0.6546,393.7945,393.7945,64031.3134,1768831040.9685328,6.53,22,337
14.0,1768830609.9181,430.8005,27,32,59,0.026,0.026,416.8265,416.8265,64448.1399,1768831041.327794,6.51,22,338
11.0,1768830611.4712,406.2162,3276,1025,4301,0.4285,0.4285,395.6447,395.6447,64843.7846,1768831042.7620301,6.49,22,339
16.0,1768830607.9662,434.8085,27,32,59,0.0225,0.0225,418.831,418.831,65262.6157,1768831043.358021,6.47,22,340
35.0,1768830589.1008,455.7299,27,32,59,0.0223,0.0223,420.7522,420.7522,65683.3678,1768831045.4532142,6.45,22,341
11.0,1768830611.5304,409.3219,4303,1023,5326,0.5782,0.5782,398.9,398.9,66082.2679,1768831045.6312377,6.43,22,342
40.0,1768830584.2627,462.6238,27,32,59,0.0265,0.0265,422.6504,422.6504,66504.9182,1768831047.5056798,6.41,22,343
25.0,1768830597.5884,426.3602,3979,1026,5005,0.5313,0.5313,401.8915,401.8915,66906.8097,1768831048.8643649,6.4,22,344
29.0,1768830595.4377,453.6545,27,32,59,0.0298,0.0298,424.6843,424.6843,67331.4941,1768831049.7152672,6.38,22,345
15.0,1768830609.5386,440.582,27,32,59,0.0259,0.0259,425.608,425.608,67757.102,1768831050.8411067,6.36,22,346
35.0,1768830589.6385,463.5687,27,17,44,0.0278,0.0278,428.5965,428.5965,68185.6985,1768831053.6155434,6.34,22,347
41.0,1768830583.6813,471.5848,4171,8,4179,0.564,0.564,431.1488,431.1488,68616.8473,1768831056.024995,6.32,22,348
40.0,1768830583.0457,446.2012,3299,1033,4332,0.4244,0.4244,406.6256,406.6256,69023.473,1768831056.1856077,6.3,22,349
43.0,1768830580.2633,451.045,4221,1022,5243,0.5528,0.5528,408.5979,408.5979,69432.0708,1768831058.5014346,6.29,22,350
16.0,1768830607.944,433.8028,3128,650,3778,0.404,0.404,418.2068,418.2068,69850.2776,1768831061.0735042,6.27,22,351
35.0,1768830589.994,471.6025,27,32,59,0.0248,0.0248,436.6273,436.6273,70286.9049,1768831062.3260016,6.25,22,352
53.0,1768830570.9788,472.8235,4077,1030,5107,0.5374,0.5374,420.3609,420.3609,70707.2658,1768831072.407792,6.23,22,353
50.0,1768830575.0037,498.0629,27,32,59,0.0381,0.0381,448.101,448.101,71155.3668,1768831073.8238425,6.21,22,354
19.0,1768830605.1373,440.7212,2980,1032,4012,0.3974,0.3974,422.1186,422.1186,71577.4854,1768831075.165343,6.2,22,355
31.0,1768830593.2676,454.6467,4711,1029,5740,0.6308,0.6308,424.2775,424.2775,72001.7628,1768831077.8716793,6.18,22,356
44.0,1768830581.0718,497.1439,27,30,57,0.0326,0.0326,453.1765,453.1765,72454.9393,1768831078.9755988,6.16,22,357
35.0,1768830590.1327,489.1138,27,32,59,0.0203,0.0203,454.134,454.134,72909.0734,1768831079.996321,6.15,22,358
32.0,1768830592.6353,459.5419,3334,1024,4358,0.5522,0.5522,428.0941,428.0941,73764.8664,1768831080.9509926,6.13,22,360
26.0,1768830598.6071,452.5435,8185,1019,9204,1.1554,1.1554,427.6989,427.6989,73764.8664,1768831080.9541278,6.11,22,360
35.0,1768830590.143,490.1335,27,32,59,0.0363,0.0363,455.1698,455.1698,74220.0361,1768831081.031697,6.09,22,361
23.0,1768830601.6681,452.5698,3987,1026,5013,0.5349,0.5349,430.1048,430.1048,74650.1409,1768831083.2889793,6.08,22,362
44.0,1768830580.7039,475.5926,4077,1024,5101,0.5334,0.5334,432.126,432.126,75082.2669,1768831085.1556797,6.06,22,363
27.0,1768830597.7141,459.6109,3324,1027,4351,0.4409,0.4409,433.0518,433.0518,75515.3187,1768831085.6777081,6.04,22,364
39.0,1768830585.8873,473.6529,2980,964,3944,0.39,0.39,435.0429,435.0429,75950.3616,1768831086.0041583,6.03,22,365
48.0,1768830577.3323,508.231,27,32,59,0.0207,0.0207,460.2517,460.2517,76410.6134,1768831086.244325,6.01,22,366
15.0,1768830610.4406,477.1811,27,25,52,0.0396,0.0396,462.2206,462.2206,76872.834,1768831088.2031534,5.99,22,367
50.0,1768830575.4819,513.1677,27,25,52,0.0274,0.0274,463.1951,463.1951,77336.0291,1768831089.2202663,5.98,22,368
52.0,1768830572.9982,489.6265,3691,1022,4713,0.478,0.478,438.1044,438.1044,77774.1335,1768831091.7043514,5.96,22,369
54.0,1768830571.2254,513.3102,3610,585,4195,0.4762,0.4762,459.7864,459.7864,78233.92,1768831100.6171422,5.95,22,370
13.0,1768830613.0044,488.1479,27,32,59,0.0238,0.0238,475.1717,475.1717,78709.0916,1768831101.8926945,5.93,22,371
24.0,1768830601.0229,473.0726,6606,1024,7630,0.9166,0.9166,449.9892,449.9892,79159.0808,1768831103.606371,5.91,22,372
11.0,1768830614.0261,462.1278,4701,1014,5715,0.6181,0.6181,451.7458,451.7458,79610.8267,1768831104.7128823,5.9,22,373
10.0,1768830616.2037,488.1908,27,32,59,0.0396,0.0396,478.2304,478.2304,80089.0571,1768831105.1186757,5.88,22,374
12.0,1768830614.2574,492.195,27,32,59,0.0373,0.0373,480.2323,480.2323,80569.2894,1768831107.1786265,5.87,22,375
21.0,1768830604.1651,477.2863,3556,1024,4580,0.4614,0.4614,456.7477,456.7477,81026.0371,1768831110.058212,5.85,22,376
40.0,1768830585.1863,497.2938,3339,1029,4368,0.4429,0.4429,457.7367,457.7367,81483.7738,1768831110.6720998,5.84,22,377
41.0,1768830584.2182,499.2884,3372,1026,4398,0.4382,0.4382,458.7266,458.7266,81942.5004,1768831111.2469025,5.82,22,378
31.0,1768830595.3933,515.1748,27,32,59,0.0301,0.0301,484.2049,484.2049,82426.7053,1768831111.2654428,5.8,22,379
33.0,1768830593.4259,518.1707,27,32,59,0.0251,0.0251,485.1958,485.1958,82911.9012,1768831112.2533836,5.79,22,380
11.0,1768830614.4213,472.1714,4212,1032,5244,0.5483,0.5483,461.7197,461.7197,83373.6208,1768831114.4208426,5.77,22,381
24.0,1768830602.142,500.1923,3669,488,4157,0.4803,0.4803,476.6726,476.6726,83850.2934,1768831115.4933112,5.76,22,382
56.0,1768830570.5553,544.2748,27,32,59,0.0351,0.0351,488.3099,488.3099,84338.6033,1768831115.5303626,5.74,22,383
35.0,1768830590.5199,499.1572,4952,1028,5980,0.6674,0.6674,464.8246,464.8246,84803.4279,1768831117.4114993,5.73,22,384
18.0,1768830608.7083,508.1786,27,32,59,0.0227,0.0227,490.2014,490.2014,85293.6293,1768831117.5661542,5.71,22,385
52.0,1768830573.6375,517.0708,4841,1024,5865,0.6451,0.6451,465.7159,465.7159,85759.3452,1768831117.7479427,5.7,22,386
43.0,1768830582.6952,509.1949,4212,1031,5243,0.5492,0.5492,466.7441,466.7441,86226.0892,1768831118.2224224,5.68,22,387
40.0,1768830586.713,531.2016,27,31,58,0.0343,0.0343,491.2359,491.2359,86717.3251,1768831118.525889,5.67,22,388
18.0,1768830608.8699,511.1043,27,32,59,0.0285,0.0285,493.1328,493.1328,87210.4579,1768831120.597392,5.66,22,389
19.0,1768830607.9157,513.087,27,32,59,0.0242,0.0242,494.1112,494.1112,87704.5691,1768831121.6216416,5.64,22,390
26.0,1768830600.9793,521.051,27,32,59,0.023,0.023,495.074,495.074,88199.6431,1768831122.6483061,5.63,22,391
51.0,1768830576.3808,549.9189,27,32,59,0.0337,0.0337,498.9526,498.9526,88698.5956,1768831126.9958887,5.61,22,392
19.0,1768830607.2084,498.2137,3481,1024,4505,0.4591,0.4591,479.6728,479.6728,89178.2685,1768831131.3471107,5.6,22,393
16.0,1768830610.3385,497.1407,3486,1035,4521,0.4739,0.4739,481.6146,481.6146,89659.8831,1768831133.4068706,5.58,22,394
12.0,1768830615.5629,517.9356,27,32,59,0.0247,0.0247,505.9602,505.9602,90165.8433,1768831134.1883342,5.57,22,395
17.0,1768830610.5883,524.0862,27,32,59,0.0185,0.0185,507.1047,507.1047,90672.948,1768831135.3618867,5.56,22,396
43.0,1768830583.4465,529.1779,4711,1029,5740,0.6182,0.6182,486.7961,486.7961,91159.7441,1768831138.4804885,5.54,22,397
11.0,1768830615.5526,498.2496,3669,1012,4681,0.4788,0.4788,487.7284,487.7284,91647.4726,1768831139.0677948,5.53,22,398
39.0,1768830588.6412,550.1507,27,32,59,0.0347,0.0347,511.1854,511.1854,92158.658,1768831139.473978,5.51,22,399
31.0,1768830595.6298,520.2297,3676,1032,4708,0.4753,0.4753,489.705,489.705,92648.363,1768831141.5481277,5.5,22,400
26.0,1768830600.8038,518.1411,3648,1030,4678,0.4723,0.4723,492.6134,492.6134,93140.9764,1768831144.7518516,5.49,22,401
39.0,1768830588.8997,556.2286,27,32,59,0.031,0.031,517.2595,517.2595,93658.2359,1768831145.81172,5.47,22,402
44.0,1768830582.9818,540.2296,3172,1025,4197,0.4036,0.4036,496.6332,496.6332,94154.8692,1768831149.5508041,5.46,22,403
56.0,1768830571.1972,553.0434,2961,1024,3985,0.3924,0.3924,497.4358,497.4358,94652.305,1768831150.2616093,5.45,22,404
20.0,1768830608.0203,542.2571,27,32,59,0.0263,0.0263,522.2833,522.2833,95673.0852,1768831150.958319,5.43,22,406
13.0,1768830614.2713,510.9979,3789,1040,4829,0.499,0.499,498.4969,498.4969,95673.0852,1768831150.9623313,5.42,22,406
29.0,1768830598.5538,532.8897,3669,803,4472,0.4911,0.4911,504.3808,504.3808,96177.466,1768831151.4196603,5.41,22,407
11.0,1768830617.0712,534.235,27,32,59,0.031,0.031,523.266,523.266,96700.732,1768831151.9278982,5.39,22,408
36.0,1768830591.5188,535.8084,3260,1024,4284,0.4387,0.4387,500.247,500.247,97200.979,1768831153.1081855,5.38,22,409
24.0,1768830604.225,549.1374,27,32,59,0.0256,0.0256,525.163,525.163,97726.1421,1768831153.9923058,5.37,22,410
10.0,1768830618.3319,536.0583,3873,48,3921,0.5238,0.5238,526.582,526.582,98252.7241,1768831156.3113432,5.35,22,411
36.0,1768830592.3981,564.1938,27,32,59,0.0264,0.0264,528.2201,528.2201,98780.9443,1768831157.2367973,5.34,22,412
31.0,1768830597.4107,560.2091,27,32,59,0.0247,0.0247,529.2339,529.2339,99310.1781,1768831158.2620435,5.33,22,413
49.0,1768830579.5134,580.1644,27,32,59,0.0291,0.0291,531.1935,531.1935,99841.3717,1768831160.378021,5.31,22,414
49.0,1768830579.5515,581.1532,27,32,59,0.0228,0.0228,532.1761,532.1761,100373.5477,1768831161.40328,5.3,22,415
29.0,1768830598.5905,537.1155,2999,1023,4022,0.3963,0.3963,508.5118,508.5118,100882.0595,1768831162.1950917,5.29,22,416
58.0,1768830570.6835,592.0782,27,32,59,0.0306,0.0306,534.1088,534.1088,101416.1683,1768831163.462071,5.28,22,417
23.0,1768830605.6962,558.0955,27,32,59,0.0188,0.0188,535.1143,535.1143,101951.2826,1768831164.480984,5.26,22,418
53.0,1768830574.6526,565.1712,3545,1029,4574,0.4588,0.4588,512.63,512.63,102463.9126,1768831166.841226,5.25,22,419
47.0,1768830580.6682,560.1857,3803,1034,4837,0.4939,0.4939,513.6797,513.6797,102977.5923,1768831167.4706624,5.24,22,420
40.0,1768830588.7929,578.2257,27,32,59,0.0255,0.0255,538.2512,538.2512,103515.8435,1768831167.7210276,5.23,22,421
41.0,1768830586.7857,555.099,3109,1024,4133,0.4035,0.4035,514.5026,514.5026,104030.3461,1768831168.0155866,5.21,22,422
36.0,1768830592.828,575.2197,27,32,59,0.0372,0.0372,539.2568,539.2568,104569.6029,1768831168.7097685,5.2,22,423
22.0,1768830607.0093,562.07,27,32,59,0.0249,0.0249,540.0949,540.0949,105109.6979,1768831169.7307167,5.19,22,424
26.0,1768830602.1277,550.205,5398,686,6084,0.7307,0.7307,524.9357,524.9357,105634.6336,1768831170.71401,5.18,22,425
26.0,1768830603.0676,568.0741,27,32,59,0.0315,0.0315,542.1056,542.1056,106176.7392,1768831171.7878206,5.16,22,426
39.0,1768830588.9809,557.1749,4378,1026,5404,0.5747,0.5747,518.7496,518.7496,106695.4887,1768831172.088773,5.15,22,427
40.0,1768830588.3497,567.2122,3416,1030,4446,0.4544,0.4544,527.6666,527.6666,107223.1553,1768831183.6460035,5.14,22,428
58.0,1768830570.4977,588.15,5139,1026,6165,0.7096,0.7096,530.8596,530.8596,107754.0149,1768831187.2834513,5.13,22,429
34.0,1768830594.5856,567.1462,3332,1023,4355,0.4352,0.4352,533.5814,533.5814,108287.5962,1768831191.1212816,5.12,22,430
36.0,1768830593.4465,598.5856,27,32,59,0.0404,0.0404,562.6259,562.6259,108850.2222,1768831192.8295317,5.1,22,431
37.0,1768830592.4793,600.5806,27,32,59,0.0237,0.0237,563.6042,563.6042,109413.8264,1768831193.8419764,5.09,22,432
17.0,1768830612.3018,572.3608,3285,314,3599,0.4409,0.4409,555.8017,555.8017,109969.6281,1768831193.990958,5.08,22,433
51.0,1768830577.7213,587.0992,3869,1023,4892,0.5156,0.5156,536.6148,536.6148,110506.2429,1768831194.1754525,5.07,22,434
20.0,1768830609.1656,563.0029,3392,734,4126,0.4369,0.4369,543.4398,543.4398,111049.6827,1768831194.222149,5.06,22,435
31.0,1768830598.6622,595.4256,27,32,59,0.0329,0.0329,564.4585,564.4585,111614.1412,1768831194.8096704,5.05,22,436
17.0,1768830611.7389,554.2529,3027,1024,4051,0.3902,0.3902,537.6431,537.6431,112151.7842,1768831194.8348272,5.03,22,437
36.0,1768830593.8313,602.3118,27,32,59,0.0243,0.0243,566.3362,566.3362,112718.1204,1768831196.8503785,5.02,22,438
39.0,1768830590.8441,606.3271,27,32,59,0.0208,0.0208,567.3479,567.3479,113285.4683,1768831197.8788004,5.01,22,439
32.0,1768830597.9463,600.4105,27,4,31,0.021,0.021,568.4315,568.4315,113853.8998,1768831198.468439,5.0,22,440
11.0,1768830618.0257,552.0857,3077,1023,4100,0.4098,0.4098,541.4955,541.4955,114395.3953,1768831199.1974788,4.99,22,441
21.0,1768830609.0676,590.322,27,32,59,0.0293,0.0293,569.3513,569.3513,114964.7466,1768831200.084093,4.98,22,442
38.0,1768830591.1941,582.001,4788,1024,5812,0.6393,0.6393,544.6403,544.6403,115509.3869,1768831203.021336,4.97,22,443
44.0,1768830585.2134,589.011,3032,1019,4051,0.3949,0.3949,545.4059,545.4059,116054.7928,1768831203.4639382,4.95,22,444
40.0,1768830589.2597,585.9936,9721,1021,10742,1.4343,1.4343,547.4279,547.4279,116602.2207,1768831204.153582,4.94,22,445
49.0,1768830581.1771,622.3308,27,32,59,0.0306,0.0306,573.3614,573.3614,117175.5821,1768831204.2070224,4.93,22,446
40.0,1768830590.2742,615.2911,27,32,59,0.0383,0.0383,575.3294,575.3294,117750.9115,1768831206.2440195,4.92,22,447
28.0,1768830601.3676,586.5417,8164,1018,9182,1.1638,1.1638,559.7056,559.7056,118886.9199,1768831216.306844,4.9,22,449
53.0,1768830577.5194,639.5299,27,32,59,0.0285,0.0285,586.5584,586.5584,119473.4783,1768831217.7428493,4.89,22,450
19.0,1768830610.7392,584.3757,3326,1028,4354,0.4254,0.4254,565.8011,565.8011,120626.8447,1768831222.1785634,4.87,22,452
18.0,1768830612.6542,609.6999,3311,7,3318,0.4235,0.4235,592.1234,592.1234,121218.9681,1768831222.9356964,4.86,22,453
21.0,1768830609.6863,613.6988,27,32,59,0.0331,0.0331,592.7319,592.7319,121811.7,1768831224.0922377,4.85,22,454
40.0,1768830590.1855,614.351,4351,794,5145,0.5635,0.5635,574.9145,574.9145,122386.6144,1768831225.731373,4.84,22,455
45.0,1768830585.7936,640.6827,27,32,59,0.0334,0.0334,595.7161,595.7161,122982.3305,1768831227.1797795,4.82,22,456
48.0,1768830582.1138,618.3042,3806,1037,4843,0.505,0.505,570.8091,570.8091,123553.1396,1768831228.3481326,4.81,22,457
16.0,1768830614.1289,587.3195,3151,1024,4175,0.4171,0.4171,571.7366,571.7366,124722.8765,1768831229.2569835,4.79,22,459
22.0,1768830608.1606,594.3171,3556,1031,4587,0.4677,0.4677,572.7848,572.7848,125295.6613,1768831229.8560781,4.78,22,460
11.0,1768830619.9917,609.7314,27,32,59,0.0221,0.0221,598.7535,598.7535,125894.4148,1768831230.356982,4.77,22,461
23.0,1768830607.4591,601.3464,3953,944,4897,0.5186,0.5186,578.865,578.865,126473.2798,1768831234.6436355,4.76,22,462
32.0,1768830598.3475,609.2746,3686,1034,4720,0.4883,0.4883,577.7629,577.7629,127654.4828,1768831235.79703,4.74,22,464
32.0,1768830599.4751,636.4296,27,32,59,0.0292,0.0292,604.4587,604.4587,128258.9415,1768831236.6021993,4.73,22,465
21.0,1768830609.4705,600.3662,3416,1027,4443,0.4467,0.4467,579.8129,579.8129,128838.7544,1768831237.0679836,4.72,22,466
47.0,1768830584.5557,652.3769,27,32,59,0.0211,0.0211,605.398,605.398,129444.1523,1768831237.5877242,4.71,22,467
57.0,1768830573.4759,637.3892,3657,1024,4681,0.4915,0.4915,580.8807,580.8807,130025.033,1768831237.6102602,4.7,22,468
38.0,1768830593.7026,645.29,27,32,59,0.0299,0.0299,607.3199,607.3199,130632.353,1768831239.639442,4.69,22,469
32.0,1768830598.6211,620.6431,3514,784,4298,0.4593,0.4593,589.1024,589.1024,131221.4553,1768831240.8872755,4.68,22,470
40.0,1768830591.7469,649.4573,27,32,59,0.0318,0.0318,609.4891,609.4891,131830.9445,1768831241.8518934,4.67,22,471
17.0,1768830614.7929,627.4417,27,32,59,0.0243,0.0243,610.4661,610.4661,132441.4106,1768831242.8768432,4.66,22,472
12.0,1768830619.7996,623.4641,27,32,59,0.0212,0.0212,611.4853,611.4853,133052.8958,1768831243.904777,4.65,22,473
36.0,1768830595.8328,648.4592,27,33,60,0.0261,0.0261,612.4853,612.4853,133665.3811,1768831244.9413934,4.64,22,474
59.0,1768830572.9841,673.3681,27,32,59,0.0211,0.0211,614.3892,614.3892,134279.7703,1768831247.0387585,4.63,22,475
32.0,1768830599.99,647.3913,27,32,59,0.0223,0.0223,615.4136,615.4136,134895.1839,1768831248.069226,4.62,22,476
14.0,1768830616.6865,607.7313,3750,1025,4775,0.4927,0.4927,594.224,594.224,135489.4079,1768831252.096641,4.61,22,477
23.0,1768830607.8161,619.6905,3516,1015,4531,0.4623,0.4623,597.1528,597.1528,136086.5607,1768831255.3724012,4.6,22,478
58.0,1768830574.1958,678.4843,3077,175,3252,0.4126,0.4126,620.8969,620.8969,136707.4576,1768831257.7792087,4.59,22,479
57.0,1768830575.2989,682.5327,27,32,59,0.0286,0.0286,625.5613,625.5613,137333.0189,1768831258.601849,4.58,22,480
48.0,1768830583.0109,647.7413,3863,1019,4882,0.5255,0.5255,600.2668,600.2668,137933.2856,1768831258.6764386,4.57,22,481
10.0,1768830621.2293,610.5515,5689,1023,6712,0.761,0.761,601.3125,601.3125,138534.5981,1768831259.7008343,4.56,22,482
33.0,1768830598.2373,634.574,3686,1027,4713,0.48,0.48,602.054,602.054,139136.6521,1768831260.010978,4.55,22,483
39.0,1768830593.4024,666.4846,27,32,59,0.0266,0.0266,627.5112,627.5112,139764.1634,1768831260.5807252,4.55,22,484
32.0,1768830600.4989,661.6003,27,32,59,0.0213,0.0213,629.6217,629.6217,140393.785,1768831262.8237278,4.54,22,485
59.0,1768830573.5689,690.5925,27,32,59,0.0417,0.0417,631.6343,631.6343,141025.4193,1768831264.9164698,4.53,22,486
43.0,1768830588.5865,649.377,3871,1028,4899,0.5122,0.5122,606.8892,606.8892,141632.3085,1768831265.7334723,4.52,22,487
25.0,1768830607.6966,657.4964,27,32,59,0.0311,0.0311,632.5276,632.5276,142264.836,1768831265.9327664,4.51,22,488
37.0,1768830595.8831,671.3676,27,32,59,0.0286,0.0286,634.3963,634.3963,142899.2323,1768831267.9861193,4.5,22,489
56.0,1768830575.7263,664.4472,3953,1033,4986,0.519,0.519,608.9662,608.9662,143508.1985,1768831268.0801573,4.49,22,490
21.0,1768830611.3483,647.5103,3545,390,3935,0.4652,0.4652,626.9755,626.9755,144135.174,1768831269.925255,4.48,22,491
14.0,1768830618.9951,650.3148,27,32,59,0.0406,0.0406,636.3555,636.3555,144771.5295,1768831270.0541995,4.47,22,492
58.0,1768830575.1599,696.2102,27,32,59,0.03,0.03,638.2402,638.2402,145409.7697,1768831272.10624,4.46,22,493
53.0,1768830580.2493,692.3014,27,32,59,0.022,0.022,639.3234,639.3234,146049.0931,1768831273.2797806,4.45,22,494
19.0,1768830612.8381,632.4849,3025,1024,4049,0.3964,0.3964,613.8813,613.8813,146662.9744,1768831274.687744,4.44,22,495
52.0,1768830580.186,669.2497,8571,992,9563,1.2381,1.2381,618.4877,618.4877,147281.4622,1768831278.193934,4.44,22,496
17.0,1768830615.056,633.352,3159,1026,4185,0.403,0.403,616.7549,616.7549,147898.2171,1768831278.253058,4.43,22,497
43.0,1768830589.2838,666.4865,3694,1024,4718,0.4829,0.4829,623.9694,623.9694,148522.1865,1768831285.2359335,4.42,22,498
59.0,1768830574.4433,711.6392,27,5,32,0.0345,0.0345,652.6737,652.6737,149174.8602,1768831286.2354212,4.41,22,499
61.0,1768830572.1061,698.2345,3159,617,3776,0.4153,0.4153,637.6498,637.6498,149812.51,1768831288.2713375,4.4,22,500
40.0,1768830592.4115,668.5037,3556,1029,4585,0.4705,0.4705,628.9742,628.9742,150441.4842,1768831290.2892246,4.39,22,501
12.0,1768830621.5618,669.6683,27,32,59,0.024,0.024,657.6924,657.6924,151099.1766,1768831291.969051,4.38,22,502
35.0,1768830597.5476,665.5831,3172,1019,4191,0.4211,0.4211,631.0042,631.0042,151730.1808,1768831292.0855489,4.37,22,503
48.0,1768830585.6049,706.6537,27,32,59,0.0374,0.0374,658.6911,658.6911,152388.8718,1768831292.9945383,4.37,22,504
20.0,1768830612.8776,653.3451,3089,1022,4111,0.4088,0.4088,633.7539,633.7539,153022.6257,1768831295.5296912,4.36,22,505
14.0,1768830618.9283,649.3513,3952,1026,4978,0.5152,0.5152,635.8665,635.8665,153658.4922,1768831297.209611,4.35,22,506
35.0,1768830598.8203,697.7084,27,32,59,0.0317,0.0317,662.74,662.74,154321.2323,1768831297.2717283,4.34,22,507
35.0,1768830598.2647,675.3136,3610,1028,4638,0.4795,0.4795,640.7931,640.7931,154962.0254,1768831302.5873086,4.33,22,508
60.0,1768830573.996,728.7051,27,32,59,0.0306,0.0306,668.7357,668.7357,155630.7611,1768831303.4422512,4.32,22,509
13.0,1768830620.3382,655.3006,4841,1024,5865,0.6454,0.6454,642.946,642.946,156273.7071,1768831304.5856833,4.31,22,510
21.0,1768830613.1156,691.7942,27,32,59,0.0257,0.0257,670.8199,670.8199,156944.527,1768831305.640138,4.31,22,511
62.0,1768830571.3636,707.3629,8164,1029,9193,1.1592,1.1592,646.5221,646.5221,158238.0303,1768831307.5275562,4.3,22,513
35.0,1768830598.4155,681.3379,4000,1030,5030,0.6433,0.6433,646.9812,646.9812,158238.0303,1768831307.5279334,4.29,22,513
21.0,1768830613.1503,694.8441,27,32,59,0.0254,0.0254,673.8694,673.8694,158911.8998,1768831308.6565783,4.28,22,514
62.0,1768830572.2029,736.8212,27,32,59,0.0283,0.0283,674.8495,674.8495,159586.7493,1768831309.69264,4.27,22,515
25.0,1768830609.2735,701.807,27,32,59,0.0272,0.0272,676.8342,676.8342,160263.5835,1768831311.7627864,4.26,22,516
24.0,1768830610.2814,701.8262,27,31,58,0.0232,0.0232,677.8494,677.8494,160941.4329,1768831312.787807,4.26,22,517
10.0,1768830624.3348,688.7999,27,32,59,0.0239,0.0239,678.8238,678.8238,161620.2567,1768831313.8192046,4.25,22,518
32.0,1768830601.4605,685.6531,3194,1026,4220,0.4088,0.4088,654.0619,654.0619,162274.3186,1768831314.0752802,4.24,22,519
16.0,1768830617.5401,671.6345,3310,1029,4339,0.4412,0.4412,656.0757,656.0757,162930.3943,1768831316.4014704,4.23,22,520
37.0,1768830596.6456,696.6425,3044,1022,4066,0.3972,0.3972,660.0397,660.0397,163590.434,1768831320.359423,4.22,22,521
13.0,1768830620.7781,673.6899,3044,1029,4073,0.3982,0.3982,661.088,661.088,164251.522,1768831321.5445776,4.21,22,522
47.0,1768830587.5999,734.9574,27,32,59,0.0315,0.0315,687.9889,687.9889,164939.5109,1768831323.2511344,4.21,22,523
62.0,1768830571.8264,725.7321,3173,1031,4204,0.4134,0.4134,664.1455,664.1455,165603.6564,1768831324.0804398,4.2,22,524
64.0,1768830570.6302,752.9565,27,32,59,0.0372,0.0372,688.9937,688.9937,166292.65,1768831324.2835252,4.19,22,525
22.0,1768830611.8608,686.7269,4067,1016,5083,0.5337,0.5337,665.2607,665.2607,166957.9107,1768831324.6692727,4.18,22,526
35.0,1768830599.6521,724.9653,27,32,59,0.0252,0.0252,689.9906,689.9906,167647.9012,1768831325.2437549,4.17,22,527
14.0,1768830620.9451,707.9475,27,32,59,0.032,0.032,693.9795,693.9795,169035.2894,1768831329.5997386,4.16,22,529
18.0,1768830616.0877,687.6415,3025,1031,4056,0.4081,0.4081,670.0496,670.0496,169705.339,1768831330.3357928,4.15,22,530
61.0,1768830573.96,755.9623,27,32,59,0.0359,0.0359,694.9982,694.9982,170400.3372,1768831330.629021,4.14,22,531
11.0,1768830624.0092,706.952,27,32,59,0.0356,0.0356,695.9876,695.9876,171096.3248,1768831331.6623087,4.14,22,532
21.0,1768830613.1397,692.7981,3657,1021,4678,0.48,0.48,672.278,672.278,171768.6029,1768831332.0316236,4.13,22,533
15.0,1768830620.1323,713.9146,27,32,59,0.0314,0.0314,698.9459,698.9459,173864.5319,1768831334.6959574,4.1,22,536
37.0,1768830598.153,736.9259,27,32,59,0.0251,0.0251,699.951,699.951,174564.4828,1768831335.723086,4.1,22,537
52.0,1768830582.2632,727.7899,3802,1025,4827,0.4967,0.4967,676.2866,676.2866,175240.7694,1768831338.1608543,4.09,22,538
22.0,1768830612.3788,702.969,3404,950,4354,0.4492,0.4492,681.4183,681.4183,175922.1877,1768831341.888252,4.08,22,539
15.0,1768830619.3738,694.9452,3044,1027,4071,0.398,0.398,680.3433,680.3433,176602.531,1768831343.2970707,4.07,22,540
49.0,1768830586.3141,757.1481,27,32,59,0.0363,0.0363,708.1844,708.1844,177310.7154,1768831344.171373,4.07,22,541
39.0,1768830596.3541,748.1382,27,32,59,0.0349,0.0349,709.1731,709.1731,178019.8885,1768831345.2010472,4.06,22,542
31.0,1768830603.5234,713.8856,4192,1021,5213,0.549,0.549,683.4346,683.4346,178703.3231,1768831346.9032855,4.05,22,543
60.0,1768830575.3591,772.3625,27,31,58,0.0211,0.0211,712.3835,712.3835,179415.7066,1768831348.470071,4.04,22,544
61.0,1768830573.5586,746.9393,3376,1028,4404,0.4541,0.4541,686.3934,686.3934,180102.1001,1768831350.5169723,4.04,22,545
26.0,1768830608.7984,716.9991,3467,1026,4493,0.4667,0.4667,691.4658,691.4658,180793.5658,1768831356.919057,4.03,22,546
45.0,1768830589.814,737.0131,5207,1030,6237,0.7072,0.7072,692.7204,692.7204,181486.2862,1768831357.6283808,4.02,22,547
49.0,1768830586.4408,770.7016,27,32,59,0.0243,0.0243,721.7259,721.7259,182208.0121,1768831357.9003205,4.01,22,548
36.0,1768830599.4436,758.7283,27,32,59,0.0384,0.0384,722.7668,722.7668,182930.7788,1768831358.9251344,4.01,22,549
39.0,1768830596.5122,762.69,27,32,59,0.0334,0.0334,723.7234,723.7234,183654.5022,1768831359.9540415,4.0,22,550
56.0,1768830579.3588,766.1625,8588,513,9101,1.252,1.252,711.4145,711.4145,184365.9167,1768831360.5987453,3.99,22,551
64.0,1768830571.5724,788.659,27,32,59,0.0334,0.0334,724.6924,724.6924,185090.6091,1768831360.9429095,3.99,22,552
43.0,1768830592.1946,744.0622,4030,1027,5057,0.5386,0.5386,701.6008,701.6008,185792.2099,1768831366.152186,3.98,22,553
18.0,1768830617.2023,720.0839,3587,1025,4612,0.478,0.478,702.5618,702.5618,186494.7718,1768831366.7061827,3.97,22,554
36.0,1768830599.7866,766.619,27,34,61,0.0219,0.0219,730.6409,730.6409,187225.4126,1768831367.1101367,3.96,22,555
53.0,1768830582.2053,756.1086,3299,1033,4332,0.4209,0.4209,703.5296,703.5296,187928.9422,1768831367.2633753,3.96,22,556
34.0,1768830601.2436,738.1009,3006,1025,4031,0.3972,0.3972,704.4981,704.4981,188633.4403,1768831368.708321,3.95,22,557
60.0,1768830575.7963,792.8194,27,32,59,0.0204,0.0204,732.8399,732.8399,189366.2802,1768831369.2839065,3.94,22,558
38.0,1768830597.808,771.8351,27,32,59,0.025,0.025,733.8601,733.8601,190100.1402,1768831370.3163233,3.94,22,559
35.0,1768830600.282,742.1486,3550,1025,4575,0.4616,0.4616,707.6102,707.6102,190807.7504,1768831371.8185074,3.93,22,560
18.0,1768830618.0361,753.6684,27,4,31,0.0391,0.0391,735.7075,735.7075,191543.4579,1768831371.833804,3.92,22,561
11.0,1768830625.1029,747.6318,27,32,59,0.0269,0.0269,736.6587,736.6587,192280.1166,1768831373.4120655,3.91,22,562
32.0,1768830604.1051,769.6603,27,32,59,0.0335,0.0335,737.6937,737.6937,193017.8104,1768831374.4501944,3.91,22,563
21.0,1768830615.1733,760.6477,27,32,59,0.0228,0.0228,739.6705,739.6705,193757.4808,1768831376.5350628,3.9,22,564
17.0,1768830618.3772,730.3742,5971,1026,6997,0.8131,0.8131,714.1873,714.1873,194471.6681,1768831377.3064816,3.89,22,565
64.0,1768830572.1321,802.6607,5011,116,5127,0.6655,0.6655,739.3262,739.3262,195210.9944,1768831378.4313047,3.89,22,566
33.0,1768830602.3939,748.4238,5207,1038,6245,0.705,0.705,716.1288,716.1288,195927.1232,1768831378.456536,3.88,22,567
54.0,1768830582.1919,795.6867,27,33,60,0.0258,0.0258,741.7125,741.7125,196668.8357,1768831378.5684247,3.87,22,568
21.0,1768830615.1939,763.8633,27,32,59,0.034,0.034,742.8973,742.8973,197411.733,1768831379.7018743,3.87,22,569
33.0,1768830603.4723,778.6696,27,32,59,0.033,0.033,745.7027,745.7027,198157.4357,1768831382.8472795,3.86,22,570
19.0,1768830617.4877,765.6811,27,32,59,0.0278,0.0278,746.7089,746.7089,198904.1446,1768831383.8713038,3.85,22,571
57.0,1768830578.615,782.6448,4613,1026,5639,0.6165,0.6165,726.2613,726.2613,199630.4059,1768831389.3927784,3.85,22,572
10.0,1768830625.6573,736.6322,2948,1023,3971,0.3974,0.3974,727.0295,727.0295,200357.4354,1768831389.8377123,3.84,22,573
24.0,1768830611.7774,751.544,3253,1033,4286,0.4256,0.4256,727.9696,727.9696,201085.405,1768831390.5139282,3.83,22,574
42.0,1768830594.5586,795.9638,27,32,59,0.0365,0.0365,754.0003,754.0003,201839.4053,1768831391.1946857,3.83,22,575
63.0,1768830573.5895,817.9607,27,32,59,0.0224,0.0224,754.9831,754.9831,202594.3884,1768831392.209111,3.82,22,576
65.0,1768830570.7867,796.6497,6059,1025,7084,0.8389,0.8389,732.4886,732.4886,203326.877,1768831395.3773377,3.81,22,577
44.0,1768830592.6219,802.0208,27,32,59,0.0389,0.0389,758.0597,758.0597,204084.9366,1768831395.3960538,3.81,22,578
63.0,1768830573.6623,822.0117,27,32,59,0.0329,0.0329,759.0446,759.0446,204843.9813,1768831396.3877144,3.8,22,579
31.0,1768830605.686,791.0164,27,32,59,0.02,0.02,760.0365,760.0365,205604.0177,1768831397.4042292,3.79,22,580
62.0,1768830573.9394,796.7351,3952,1023,4975,0.5136,0.5136,735.2487,735.2487,206339.2664,1768831397.8980367,3.79,22,581
57.0,1768830579.7459,817.9855,27,32,59,0.0283,0.0283,761.0138,761.0138,207100.2802,1768831398.405946,3.78,22,582
24.0,1768830612.1879,764.6613,3301,1022,4323,0.423,0.423,741.0843,741.0843,207841.3646,1768831405.399166,3.77,22,583
46.0,1768830590.2628,789.8214,5186,1011,6197,0.6914,0.6914,744.5128,744.5128,208585.8774,1768831409.092961,3.77,22,584
17.0,1768830619.308,761.803,3556,1028,4584,0.4578,0.4578,745.2609,745.2609,209331.1382,1768831409.5038993,3.76,22,585
33.0,1768830603.9008,805.2875,27,21,48,0.0272,0.0272,772.3147,772.3147,210103.4529,1768831409.7043254,3.75,22,586
12.0,1768830624.9428,786.4608,27,9,36,0.0228,0.0228,774.4837,774.4837,210877.9366,1768831411.640051,3.75,22,587
18.0,1768830618.512,765.6846,3987,1024,5011,0.5275,0.5275,748.2121,748.2121,211626.1487,1768831412.7719707,3.74,22,588
35.0,1768830602.0526,810.3786,27,32,59,0.0295,0.0295,775.4081,775.4081,212401.5568,1768831413.1708684,3.74,22,589
31.0,1768830605.5193,779.7058,3266,1024,4290,0.4258,0.4258,749.1316,749.1316,213150.6884,1768831413.2891388,3.73,22,590
16.0,1768830621.0776,792.3826,27,32,59,0.0298,0.0298,776.4124,776.4124,213927.1008,1768831414.1659951,3.72,22,591
41.0,1768830596.1994,819.3187,27,32,59,0.0373,0.0373,778.356,778.356,214705.4568,1768831416.2541592,3.72,22,592
14.0,1768830622.6053,769.9747,4608,1025,5633,0.6214,0.6214,756.5961,756.5961,215462.0528,1768831423.3393056,3.71,22,593
57.0,1768830579.6127,814.0004,5971,1023,6994,0.8033,0.8033,757.8036,757.8036,216219.8565,1768831423.8320007,3.7,22,594
47.0,1768830590.4648,834.4613,27,32,59,0.0311,0.0311,787.4925,787.4925,217794.2038,1768831425.6872766,3.69,22,596
27.0,1768830610.5016,815.4544,27,32,59,0.0256,0.0256,788.48,788.48,218582.6838,1768831426.7171423,3.69,22,597
24.0,1768830613.6216,814.3897,27,32,59,0.9225,0.9225,791.3121,791.3121,219373.9959,1768831429.7494252,3.68,22,598
23.0,1768830613.8302,784.93,3686,1034,4720,0.4741,0.4741,762.4041,762.4041,220136.4,1768831432.3143208,3.67,22,599
36.0,1768830600.8322,798.9578,8164,1035,9199,1.1605,1.1605,764.1182,764.1182,220900.5182,1768831433.036437,3.67,22,600
61.0,1768830575.8365,825.119,3618,1028,4646,0.4835,0.4835,764.6025,764.6025,221665.1207,1768831433.0611205,3.66,22,601
54.0,1768830583.6672,850.6698,27,32,59,0.0412,0.0412,796.711,796.711,222461.8317,1768831435.157327,3.65,22,602
46.0,1768830591.6728,843.694,3766,3,3769,0.4903,0.4903,798.1843,798.1843,223260.016,1768831435.9393277,3.65,22,603
49.0,1768830587.8809,818.2234,3059,1027,4086,0.3996,0.3996,769.6231,769.6231,224029.6391,1768831439.8963878,3.64,22,604
13.0,1768830624.6977,815.8141,27,32,59,0.0371,0.0371,802.8512,802.8512,224832.4903,1768831441.3570058,3.64,22,605
61.0,1768830576.8495,864.6909,27,32,59,0.0357,0.0357,803.7266,803.7266,225636.2169,1768831442.3867652,3.63,22,606
39.0,1768830598.8949,843.6756,27,32,59,0.0367,0.0367,804.7124,804.7124,226440.9293,1768831443.418655,3.62,22,607
20.0,1768830616.9428,793.2744,3359,1023,4382,0.4535,0.4535,773.7279,773.7279,227214.6572,1768831444.4344413,3.62,22,608
30.0,1768830607.146,807.3427,3339,1031,4370,0.4505,0.4505,777.7932,777.7932,227992.4504,1768831449.3453598,3.61,22,609
32.0,1768830605.3725,811.1752,4711,1023,5734,0.6218,0.6218,779.797,779.797,229584.2345,1768831451.236374,3.6,22,611
30.0,1768830607.4159,810.1593,9721,1025,10746,1.4373,1.4373,781.5966,781.5966,230365.8311,1768831451.7206495,3.59,22,612
49.0,1768830589.016,861.9313,27,32,59,0.0243,0.0243,812.9556,812.9556,231178.7867,1768831451.7631004,3.59,22,613
60.0,1768830577.6936,859.7291,3283,548,3831,0.4449,0.4449,800.1741,800.1741,231978.9608,1768831453.4813023,3.58,22,614
42.0,1768830596.0542,856.9519,27,31,58,0.0346,0.0346,814.9865,814.9865,232793.9473,1768831453.7875187,3.58,22,615
36.0,1768830601.6429,831.6637,3662,704,4366,0.4835,0.4835,796.1472,796.1472,234407.1911,1768831455.460371,3.57,22,617
51.0,1768830587.1448,869.0967,27,32,59,0.0434,0.0434,818.1401,818.1401,235225.3312,1768831457.0340066,3.56,22,618
61.0,1768830577.177,881.125,27,32,59,0.0362,0.0362,820.1612,820.1612,236045.4925,1768831459.1032772,3.55,22,619
32.0,1768830606.1988,853.1318,27,32,59,0.0307,0.0307,821.1626,821.1626,236866.6551,1768831460.129363,3.55,22,620
65.0,1768830572.5262,854.4577,12339,1025,13364,1.9359,1.9359,791.3936,791.3936,237658.0487,1768831461.312855,3.54,22,621
61.0,1768830577.3918,883.9957,27,32,59,0.0216,0.0216,823.0173,823.0173,238481.066,1768831462.1120415,3.54,22,622
33.0,1768830604.6407,825.4268,8657,1026,9683,1.2465,1.2465,793.6732,793.6732,239274.7392,1768831462.323184,3.53,22,623
46.0,1768830592.4219,871.023,27,32,59,0.0215,0.0215,825.0444,825.0444,240099.7837,1768831464.1259494,3.53,22,624
63.0,1768830574.6825,861.7108,3952,1025,4977,0.5186,0.5186,799.2294,799.2294,240899.0131,1768831467.3207207,3.52,22,625
27.0,1768830611.5155,856.1861,27,33,60,0.0204,0.0204,829.2065,829.2065,241728.2195,1768831468.4025614,3.51,22,626
64.0,1768830573.8965,869.7008,3376,1028,4404,0.4552,0.4552,806.156,806.156,242534.3755,1768831473.0806859,3.51,22,627
67.0,1768830570.8989,873.8777,3516,1037,4553,0.465,0.465,807.3427,807.3427,243341.7182,1768831473.695019,3.5,22,628
57.0,1768830581.0383,870.9379,2996,1025,4021,0.4011,0.4011,814.3389,814.3389,244156.0571,1768831479.0640996,3.5,22,629
49.0,1768830589.1337,864.9008,5583,1035,6618,0.7718,0.7718,816.6726,816.6726,244972.7297,1768831480.4832213,3.49,22,630
63.0,1768830575.174,882.0979,3587,1031,4618,0.49,0.49,819.5879,819.5879,245792.3176,1768831482.4754133,3.49,22,631
53.0,1768830585.2541,875.1044,3762,1025,4787,0.4916,0.4916,822.596,822.596,246614.9136,1768831484.399456,3.48,22,632
68.0,1768830570.4142,892.0023,3671,1029,4700,0.478,0.478,824.4804,824.4804,247439.394,1768831485.5990927,3.48,22,633
21.0,1768830617.5023,847.9984,3412,935,4347,0.4416,0.4416,827.44,827.44,248266.834,1768831485.6343489,3.47,22,634
59.0,1768830579.4242,885.0479,4900,1024,5924,0.6682,0.6682,826.716,826.716,249093.55,1768831486.783271,3.46,22,635
35.0,1768830603.5767,865.1549,3375,1031,4406,0.4445,0.4445,830.5994,830.5994,249924.1494,1768831488.67461,3.46,22,636
