line_idx,algo,calls,avg_ms,max_ms,vq_id,vq_groups,head_deadline,slack,model
28,timsort,1,0.04,0.04,0,1,1769134451.372,34.0,meta-llama/Llama-3.2-1B-Instruct
35,timsort,35,0.48,10.929,0,1,1769134451.372,34.0,meta-llama/Llama-3.2-1B-Instruct
44,timsort,70,0.458,10.929,0,182,1769134439.591,17.096,meta-llama/Llama-3.2-1B-Instruct
49,timsort,103,0.54,10.929,0,380,1769134440.66,12.999,meta-llama/Llama-3.2-1B-Instruct
54,timsort,136,0.659,10.929,0,549,1769134442.449,9.692,meta-llama/Llama-3.2-1B-Instruct
57,timsort,169,0.784,10.929,0,718,1769134443.215,5.441,meta-llama/Llama-3.2-1B-Instruct
64,timsort,202,0.918,10.929,0,891,1769134443.215,0.315,meta-llama/Llama-3.2-1B-Instruct
79,timsort,235,1.026,10.929,0,1075,1769134444.734,-3.286,meta-llama/Llama-3.2-1B-Instruct
89,timsort,267,1.153,10.929,0,1245,1769134449.142,-3.927,meta-llama/Llama-3.2-1B-Instruct
93,timsort,297,1.265,10.929,0,1426,1769134451.033,-7.07,meta-llama/Llama-3.2-1B-Instruct
98,timsort,329,1.383,10.929,0,1595,1769134451.602,-11.564,meta-llama/Llama-3.2-1B-Instruct
102,timsort,360,1.51,10.929,0,1764,1769134451.803,-16.403,meta-llama/Llama-3.2-1B-Instruct
110,timsort,393,1.658,10.929,0,1940,1769134451.803,-21.45,meta-llama/Llama-3.2-1B-Instruct
119,timsort,426,1.807,10.929,0,2110,1769134453.965,-24.292,meta-llama/Llama-3.2-1B-Instruct
124,timsort,459,1.954,10.929,0,2294,1769134455.456,-27.849,meta-llama/Llama-3.2-1B-Instruct
133,timsort,491,2.111,10.929,0,2478,1769134455.956,-32.379,meta-llama/Llama-3.2-1B-Instruct
138,timsort,523,2.277,10.929,0,2649,1769134458.173,-35.274,meta-llama/Llama-3.2-1B-Instruct
142,timsort,555,2.451,13.003,0,2827,1769134458.376,-40.079,meta-llama/Llama-3.2-1B-Instruct
147,timsort,588,2.629,13.003,0,3002,1769134458.411,-45.197,meta-llama/Llama-3.2-1B-Instruct
156,timsort,620,3.343,357.578,0,3185,1769134459.367,-49.338,meta-llama/Llama-3.2-1B-Instruct
163,timsort,654,3.463,357.578,0,3372,1769134460.364,-53.473,meta-llama/Llama-3.2-1B-Instruct
168,timsort,686,3.614,357.578,0,3558,1769134461.864,-57.008,meta-llama/Llama-3.2-1B-Instruct
175,timsort,716,3.766,357.578,0,3724,1769134462.225,-61.67,meta-llama/Llama-3.2-1B-Instruct
178,timsort,747,3.89,357.578,0,3888,1769134462.824,-66.121,meta-llama/Llama-3.2-1B-Instruct
187,timsort,778,4.029,357.578,0,4057,1769134462.856,-71.145,meta-llama/Llama-3.2-1B-Instruct
197,timsort,810,4.185,357.578,0,4216,1769134463.336,-75.746,meta-llama/Llama-3.2-1B-Instruct
209,timsort,843,4.332,357.578,0,4383,1769134464.29,-79.834,meta-llama/Llama-3.2-1B-Instruct
213,timsort,872,4.815,357.578,0,4554,1769134465.986,-83.218,meta-llama/Llama-3.2-1B-Instruct
218,timsort,904,4.937,357.578,0,4707,1769134466.102,-88.198,meta-llama/Llama-3.2-1B-Instruct
223,timsort,936,5.063,357.578,0,4893,1769134466.343,-93.094,meta-llama/Llama-3.2-1B-Instruct
227,timsort,964,5.559,357.578,0,5085,1769134466.543,-97.943,meta-llama/Llama-3.2-1B-Instruct
242,timsort,995,5.702,357.578,0,5234,1769134467.103,-102.54,meta-llama/Llama-3.2-1B-Instruct
251,timsort,1027,5.821,357.578,0,5395,1769134468.588,-106.108,meta-llama/Llama-3.2-1B-Instruct
258,timsort,1058,6.211,357.578,0,5578,1769134469.497,-110.295,meta-llama/Llama-3.2-1B-Instruct
262,timsort,1086,6.338,357.578,0,5751,1769134470.048,-114.875,meta-llama/Llama-3.2-1B-Instruct
266,timsort,1117,6.501,357.578,0,5901,1769134470.048,-119.88,meta-llama/Llama-3.2-1B-Instruct
269,timsort,1145,6.934,357.578,0,6055,1769134470.169,-124.82,meta-llama/Llama-3.2-1B-Instruct
279,timsort,1176,7.062,357.578,0,6211,1769134470.169,-129.976,meta-llama/Llama-3.2-1B-Instruct
292,timsort,1206,7.466,357.578,0,6387,1769134470.718,-134.529,meta-llama/Llama-3.2-1B-Instruct
296,timsort,1237,7.607,357.578,0,6540,1769134472.075,-138.278,meta-llama/Llama-3.2-1B-Instruct
301,timsort,1265,7.959,357.578,0,6712,1769134472.206,-143.206,meta-llama/Llama-3.2-1B-Instruct
305,timsort,1295,8.1,357.578,0,6864,1769134472.486,-147.987,meta-llama/Llama-3.2-1B-Instruct
310,timsort,1323,8.446,357.578,0,7017,1769134472.6,-153.038,meta-llama/Llama-3.2-1B-Instruct
319,timsort,1355,8.557,357.578,0,7171,1769134472.754,-158.026,meta-llama/Llama-3.2-1B-Instruct
329,timsort,1384,8.879,357.578,0,7358,1769134473.606,-162.213,meta-llama/Llama-3.2-1B-Instruct
333,timsort,1416,8.977,357.578,0,7518,1769134474.312,-166.641,meta-llama/Llama-3.2-1B-Instruct
340,timsort,1445,9.316,358.415,0,7696,1769134474.326,-171.758,meta-llama/Llama-3.2-1B-Instruct
346,timsort,1473,9.645,358.415,0,7853,1769134474.745,-176.417,meta-llama/Llama-3.2-1B-Instruct
350,timsort,1503,9.758,358.415,0,8008,1769134475.403,-180.976,meta-llama/Llama-3.2-1B-Instruct
358,timsort,1532,10.048,358.415,0,8177,1769134475.717,-185.802,meta-llama/Llama-3.2-1B-Instruct
365,timsort,1561,10.346,358.415,0,8347,1769134476.463,-190.146,meta-llama/Llama-3.2-1B-Instruct
374,timsort,1591,10.45,358.415,0,8516,1769134476.885,-194.786,meta-llama/Llama-3.2-1B-Instruct
378,timsort,1619,10.755,358.415,0,8670,1769134477.864,-198.85,meta-llama/Llama-3.2-1B-Instruct
382,timsort,1647,11.057,358.415,0,8824,1769134477.915,-203.929,meta-llama/Llama-3.2-1B-Instruct
388,timsort,1674,11.349,358.415,0,8977,1769134478.343,-208.647,meta-llama/Llama-3.2-1B-Instruct
399,timsort,1704,11.452,358.415,0,9119,1769134478.789,-213.213,meta-llama/Llama-3.2-1B-Instruct
410,timsort,1732,11.749,358.415,0,9276,1769134481.143,-215.94,meta-llama/Llama-3.2-1B-Instruct
420,timsort,1760,12.059,390.064,0,9421,1769134482.075,-220.036,meta-llama/Llama-3.2-1B-Instruct
424,timsort,1788,12.317,390.064,0,9570,1769134482.851,-224.366,meta-llama/Llama-3.2-1B-Instruct
431,timsort,1815,12.62,390.064,0,9720,1769134482.93,-229.386,meta-llama/Llama-3.2-1B-Instruct
436,timsort,1842,12.912,390.064,0,9864,1769134482.944,-234.483,meta-llama/Llama-3.2-1B-Instruct
445,timsort,1870,13.186,390.064,0,9863,1769134482.96,-239.617,meta-llama/Llama-3.2-1B-Instruct
452,timsort,1899,13.461,390.064,0,9858,1769134483.573,-244.137,meta-llama/Llama-3.2-1B-Instruct
463,timsort,1929,13.698,390.064,0,9855,1769134483.742,-249.015,meta-llama/Llama-3.2-1B-Instruct
469,timsort,1957,13.954,390.064,0,9848,1769134484.729,-253.166,meta-llama/Llama-3.2-1B-Instruct
478,timsort,1985,14.217,390.064,0,9846,1769134484.927,-258.057,meta-llama/Llama-3.2-1B-Instruct
485,timsort,2013,14.483,405.287,0,9841,1769134485.322,-262.81,meta-llama/Llama-3.2-1B-Instruct
492,timsort,2040,14.746,405.287,0,9838,1769134485.709,-267.511,meta-llama/Llama-3.2-1B-Instruct
500,timsort,2068,14.987,405.287,0,9836,1769134485.814,-272.534,meta-llama/Llama-3.2-1B-Instruct
513,timsort,2095,15.257,405.287,0,9831,1769134486.244,-277.207,meta-llama/Llama-3.2-1B-Instruct
521,timsort,2125,15.428,405.287,0,9822,1769134487.192,-281.317,meta-llama/Llama-3.2-1B-Instruct
529,timsort,2153,15.647,405.287,0,9818,1769134487.327,-286.247,meta-llama/Llama-3.2-1B-Instruct
538,timsort,2181,15.853,405.287,0,9815,1769134487.409,-291.333,meta-llama/Llama-3.2-1B-Instruct
544,timsort,2208,16.035,405.287,0,9809,1769134487.824,-295.938,meta-llama/Llama-3.2-1B-Instruct
553,timsort,2237,16.214,405.287,0,9807,1769134488.058,-300.791,meta-llama/Llama-3.2-1B-Instruct
560,timsort,2265,16.408,405.287,0,9802,1769134488.798,-305.081,meta-llama/Llama-3.2-1B-Instruct
569,timsort,2293,16.59,405.287,0,9799,1769134489.107,-309.875,meta-llama/Llama-3.2-1B-Instruct
576,timsort,2320,16.799,405.287,0,9794,1769134489.76,-314.339,meta-llama/Llama-3.2-1B-Instruct
585,timsort,2349,16.987,405.287,0,9792,1769134489.81,-319.413,meta-llama/Llama-3.2-1B-Instruct
592,timsort,2377,17.17,405.287,0,9787,1769134490.251,-324.045,meta-llama/Llama-3.2-1B-Instruct
597,timsort,2405,17.327,405.287,0,9783,1769134490.42,-328.966,meta-llama/Llama-3.2-1B-Instruct
602,timsort,2432,17.542,405.287,0,9782,1769134490.578,-333.952,meta-llama/Llama-3.2-1B-Instruct
610,timsort,2462,17.588,405.287,0,9780,1769134490.752,-338.843,meta-llama/Llama-3.2-1B-Instruct
617,timsort,2490,17.867,405.287,0,9776,1769134491.408,-343.282,meta-llama/Llama-3.2-1B-Instruct
627,timsort,2521,18.015,405.287,0,9774,1769134491.533,-348.401,meta-llama/Llama-3.2-1B-Instruct
634,timsort,2549,18.164,405.287,0,9769,1769134492.255,-353.174,meta-llama/Llama-3.2-1B-Instruct
638,timsort,2579,18.32,405.287,0,9766,1769134492.693,-357.827,meta-llama/Llama-3.2-1B-Instruct
645,timsort,2607,18.463,405.287,0,9764,1769134492.769,-363.048,meta-llama/Llama-3.2-1B-Instruct
652,timsort,2637,18.603,405.287,0,9763,1769134492.849,-368.179,meta-llama/Llama-3.2-1B-Instruct
664,timsort,2665,18.754,405.287,0,9759,1769134493.19,-373.162,meta-llama/Llama-3.2-1B-Instruct
674,timsort,2695,18.863,405.287,0,9754,1769134493.437,-378.013,meta-llama/Llama-3.2-1B-Instruct
679,timsort,2723,19.01,405.287,0,9745,1769134493.825,-382.762,meta-llama/Llama-3.2-1B-Instruct
687,timsort,2753,19.149,405.287,0,9744,1769134493.846,-387.885,meta-llama/Llama-3.2-1B-Instruct
696,timsort,2780,19.276,405.287,0,9740,1769134494.013,-393.12,meta-llama/Llama-3.2-1B-Instruct
704,timsort,2810,19.283,405.287,0,9735,1769134494.431,-397.748,meta-llama/Llama-3.2-1B-Instruct
713,timsort,2837,19.442,405.287,0,9731,1769134494.767,-402.579,meta-llama/Llama-3.2-1B-Instruct
724,timsort,2866,19.558,405.287,0,9726,1769134495.34,-407.121,meta-llama/Llama-3.2-1B-Instruct
730,timsort,2892,19.702,405.287,0,9719,1769134496.103,-411.462,meta-llama/Llama-3.2-1B-Instruct
738,timsort,2919,19.852,405.287,0,9718,1769134496.176,-416.422,meta-llama/Llama-3.2-1B-Instruct
747,timsort,2947,19.963,405.287,0,9713,1769134496.609,-421.052,meta-llama/Llama-3.2-1B-Instruct
754,timsort,2974,20.094,405.287,0,9708,1769134496.768,-425.958,meta-llama/Llama-3.2-1B-Instruct
760,timsort,3002,20.219,405.287,0,9705,1769134496.884,-430.986,meta-llama/Llama-3.2-1B-Instruct
769,timsort,3030,20.317,405.287,0,9703,1769134497.033,-435.98,meta-llama/Llama-3.2-1B-Instruct
775,timsort,3057,20.449,405.287,0,9698,1769134497.387,-440.632,meta-llama/Llama-3.2-1B-Instruct
780,timsort,3085,20.557,405.287,0,9697,1769134497.403,-445.723,meta-llama/Llama-3.2-1B-Instruct
785,timsort,3113,20.656,405.287,0,9696,1769134497.412,-450.875,meta-llama/Llama-3.2-1B-Instruct
791,timsort,3141,20.751,405.287,0,9694,1769134497.442,-456.002,meta-llama/Llama-3.2-1B-Instruct
800,timsort,3169,20.843,405.287,0,9692,1769134497.537,-460.974,meta-llama/Llama-3.2-1B-Instruct
808,timsort,3198,20.968,411.666,0,9687,1769134498.021,-465.536,meta-llama/Llama-3.2-1B-Instruct
815,timsort,3227,20.985,411.666,0,9683,1769134498.108,-470.737,meta-llama/Llama-3.2-1B-Instruct
822,timsort,3254,21.104,411.666,0,9681,1769134498.24,-475.801,meta-llama/Llama-3.2-1B-Instruct
830,timsort,3283,21.195,411.666,0,9677,1769134499.094,-479.947,meta-llama/Llama-3.2-1B-Instruct
836,timsort,3311,21.279,411.666,0,9673,1769134499.346,-484.838,meta-llama/Llama-3.2-1B-Instruct
847,timsort,3339,21.369,411.666,0,9671,1769134499.383,-489.899,meta-llama/Llama-3.2-1B-Instruct
858,timsort,3367,21.447,411.666,0,9664,1769134500.031,-494.37,meta-llama/Llama-3.2-1B-Instruct
863,timsort,3394,21.54,411.666,0,9657,1769134500.988,-498.506,meta-llama/Llama-3.2-1B-Instruct
870,timsort,3424,21.638,411.666,0,9656,1769134500.991,-503.548,meta-llama/Llama-3.2-1B-Instruct
877,timsort,3454,21.626,411.666,0,9653,1769134501.159,-508.788,meta-llama/Llama-3.2-1B-Instruct
882,timsort,3482,21.716,411.666,0,9650,1769134501.751,-513.319,meta-llama/Llama-3.2-1B-Instruct
892,timsort,3510,21.801,411.666,0,9649,1769134501.777,-518.462,meta-llama/Llama-3.2-1B-Instruct
907,timsort,3537,21.899,411.666,0,9643,1769134501.982,-523.404,meta-llama/Llama-3.2-1B-Instruct
918,timsort,3566,21.966,411.666,0,9632,1769134502.745,-527.664,meta-llama/Llama-3.2-1B-Instruct
927,timsort,3595,22.034,411.666,0,9625,1769134503.286,-532.137,meta-llama/Llama-3.2-1B-Instruct
934,timsort,3624,22.099,411.666,0,9620,1769134503.708,-536.724,meta-llama/Llama-3.2-1B-Instruct
942,timsort,3651,22.183,411.666,0,9617,1769134504.144,-541.422,meta-llama/Llama-3.2-1B-Instruct
947,timsort,3681,22.159,411.666,0,9614,1769134504.424,-546.24,meta-llama/Llama-3.2-1B-Instruct
953,timsort,3709,22.228,411.666,0,9612,1769134504.758,-550.999,meta-llama/Llama-3.2-1B-Instruct
966,timsort,3736,22.303,411.666,0,9610,1769134504.852,-556.049,meta-llama/Llama-3.2-1B-Instruct
978,timsort,3766,22.366,411.666,0,9601,1769134505.407,-560.617,meta-llama/Llama-3.2-1B-Instruct
984,timsort,3793,22.446,411.666,0,9593,1769134505.738,-565.451,meta-llama/Llama-3.2-1B-Instruct
996,timsort,3821,22.514,411.666,0,9591,1769134505.772,-570.516,meta-llama/Llama-3.2-1B-Instruct
1001,timsort,3850,22.51,411.666,0,9583,1769134506.306,-574.995,meta-llama/Llama-3.2-1B-Instruct
1005,timsort,3876,22.598,411.666,0,9582,1769134506.381,-580.017,meta-llama/Llama-3.2-1B-Instruct
1014,timsort,3903,22.683,414.067,0,9582,1769134506.381,-585.061,meta-llama/Llama-3.2-1B-Instruct
1023,timsort,3931,22.755,418.351,0,9577,1769134506.905,-589.586,meta-llama/Llama-3.2-1B-Instruct
1033,timsort,3958,22.852,418.351,0,9573,1769134507.368,-594.174,meta-llama/Llama-3.2-1B-Instruct
1042,timsort,3987,22.918,418.351,0,9566,1769134507.888,-598.689,meta-llama/Llama-3.2-1B-Instruct
1047,timsort,4016,22.974,418.351,0,9561,1769134508.1,-603.553,meta-llama/Llama-3.2-1B-Instruct
1051,timsort,4045,22.962,418.351,0,9560,1769134508.197,-608.653,meta-llama/Llama-3.2-1B-Instruct
1059,timsort,4074,23.02,418.351,0,9560,1769134508.197,-613.679,meta-llama/Llama-3.2-1B-Instruct
1066,timsort,4101,23.087,418.351,0,9557,1769134508.698,-618.26,meta-llama/Llama-3.2-1B-Instruct
1074,timsort,4130,23.151,418.351,0,9553,1769134509.045,-622.925,meta-llama/Llama-3.2-1B-Instruct
1081,timsort,4159,23.198,418.351,0,9549,1769134509.345,-627.751,meta-llama/Llama-3.2-1B-Instruct
1086,timsort,4187,23.254,418.351,0,9546,1769134509.66,-632.587,meta-llama/Llama-3.2-1B-Instruct
1090,timsort,4214,23.318,418.351,0,9545,1769134509.685,-637.732,meta-llama/Llama-3.2-1B-Instruct
1099,timsort,4243,23.371,418.351,0,9545,1769134509.685,-642.752,meta-llama/Llama-3.2-1B-Instruct
1107,timsort,4273,23.338,418.351,0,9541,1769134510.043,-647.567,meta-llama/Llama-3.2-1B-Instruct
1117,timsort,4302,23.378,418.351,0,9536,1769134510.162,-652.539,meta-llama/Llama-3.2-1B-Instruct
1126,timsort,4330,23.422,418.351,0,9530,1769134510.935,-656.8,meta-llama/Llama-3.2-1B-Instruct
1135,timsort,4357,23.484,418.351,0,9526,1769134511.223,-661.625,meta-llama/Llama-3.2-1B-Instruct
1140,timsort,4384,23.539,418.351,0,9520,1769134511.658,-666.232,meta-llama/Llama-3.2-1B-Instruct
1152,timsort,4413,23.578,418.351,0,9519,1769134511.698,-671.27,meta-llama/Llama-3.2-1B-Instruct
1156,timsort,4441,23.62,418.351,0,9512,1769134512.259,-675.852,meta-llama/Llama-3.2-1B-Instruct
1168,timsort,4472,23.578,418.351,0,9511,1769134512.357,-680.783,meta-llama/Llama-3.2-1B-Instruct
1173,timsort,4500,23.621,418.351,0,9503,1769134512.93,-685.391,meta-llama/Llama-3.2-1B-Instruct
1181,timsort,4528,23.669,418.351,0,9502,1769134513.187,-690.302,meta-llama/Llama-3.2-1B-Instruct
1185,timsort,4556,23.718,418.351,0,9498,1769134513.55,-695.035,meta-llama/Llama-3.2-1B-Instruct
1194,timsort,4585,23.774,418.351,0,9498,1769134513.55,-700.14,meta-llama/Llama-3.2-1B-Instruct
1201,timsort,4613,23.836,418.351,0,9493,1769134514.039,-704.828,meta-llama/Llama-3.2-1B-Instruct
1210,timsort,4642,23.87,418.351,0,9491,1769134514.26,-709.803,meta-llama/Llama-3.2-1B-Instruct
1217,timsort,4671,23.861,418.351,0,9485,1769134514.796,-714.358,meta-llama/Llama-3.2-1B-Instruct
1223,timsort,4699,23.908,418.351,0,9482,1769134515.011,-719.153,meta-llama/Llama-3.2-1B-Instruct
1232,timsort,4726,23.969,418.351,0,9480,1769134515.043,-724.187,meta-llama/Llama-3.2-1B-Instruct
1249,timsort,4753,24.041,418.351,0,9475,1769134515.439,-728.898,meta-llama/Llama-3.2-1B-Instruct
1258,timsort,4781,24.085,418.351,0,9462,1769134516.473,-732.941,meta-llama/Llama-3.2-1B-Instruct
1269,timsort,4809,24.146,418.351,0,9457,1769134516.786,-737.695,meta-llama/Llama-3.2-1B-Instruct
1276,timsort,4838,24.124,418.351,0,9450,1769134517.279,-742.271,meta-llama/Llama-3.2-1B-Instruct
1285,timsort,4866,24.172,418.351,0,9447,1769134517.551,-747.063,meta-llama/Llama-3.2-1B-Instruct
1291,timsort,4895,24.218,418.351,0,9442,1769134518.041,-751.669,meta-llama/Llama-3.2-1B-Instruct
1299,timsort,4923,24.263,418.351,0,9440,1769134518.146,-756.717,meta-llama/Llama-3.2-1B-Instruct
1304,timsort,4949,24.325,418.351,0,9436,1769134518.553,-761.36,meta-llama/Llama-3.2-1B-Instruct
1314,timsort,4978,24.362,418.351,0,9435,1769134518.562,-766.391,meta-llama/Llama-3.2-1B-Instruct
1322,timsort,5006,24.412,418.351,0,9430,1769134518.82,-771.298,meta-llama/Llama-3.2-1B-Instruct
1330,timsort,5036,24.441,418.351,0,9425,1769134519.156,-776.283,meta-llama/Llama-3.2-1B-Instruct
1336,timsort,5066,24.417,418.351,0,9421,1769134519.337,-781.374,meta-llama/Llama-3.2-1B-Instruct
1343,timsort,5094,24.452,418.351,0,9420,1769134519.379,-786.455,meta-llama/Llama-3.2-1B-Instruct
1348,timsort,5122,24.488,418.351,0,9416,1769134519.623,-791.318,meta-llama/Llama-3.2-1B-Instruct
