sec,cpu_put_cnt,storage_put_cnt,storage_get_cnt,cpu_get_cnt
0,0.0,0.0,0.0,0.0
3,0.0,0.0,0.0,0.0
4,0.0,0.0,0.0,0.0
5,0.0,0.0,0.0,0.0
6,0.0,0.0,0.0,0.0
7,0.0,0.0,0.0,0.0
8,0.0,0.0,0.0,0.0
9,0.0,0.0,0.0,0.0
10,0.0,0.0,0.0,0.0
11,0.0,0.0,0.0,0.0
13,0.0,0.0,0.0,0.0
14,0.0,0.0,0.0,0.0
15,0.0,0.0,0.0,0.0
16,0.0,0.0,0.0,0.0
17,0.0,0.0,0.0,0.0
18,0.0,0.0,0.0,0.0
19,0.0,0.0,0.0,0.0
20,0.0,0.0,0.0,0.0
21,0.0,0.0,0.0,0.0
22,0.0,0.0,0.0,0.0
23,0.0,0.0,0.0,0.0
24,0.0,0.0,0.0,0.0
25,0.0,0.0,0.0,0.0
26,0.0,0.0,0.0,0.0
27,0.0,0.0,0.0,0.0
28,0.0,0.0,0.0,0.0
29,0.0,0.0,0.0,0.0
30,0.0,0.0,0.0,0.0
31,0.0,0.0,0.0,0.0
32,0.0,0.0,0.0,0.0
33,0.0,0.0,0.0,0.0
34,0.0,0.0,0.0,0.0
35,0.0,0.0,0.0,0.0
36,0.0,0.0,0.0,0.0
37,0.0,0.0,0.0,0.0
38,0.0,0.0,0.0,0.0
39,0.0,0.0,0.0,0.0
40,0.0,0.0,0.0,0.0
41,0.0,0.0,0.0,0.0
42,0.0,0.0,0.0,0.0
43,0.0,0.0,0.0,0.0
44,0.0,0.0,0.0,0.0
45,0.0,0.0,0.0,0.0
46,0.0,0.0,0.0,0.0
47,0.0,0.0,0.0,0.0
48,0.0,0.0,0.0,0.0
49,0.0,0.0,0.0,0.0
50,0.0,0.0,0.0,0.0
51,0.0,0.0,0.0,0.0
52,0.0,0.0,0.0,0.0
53,0.0,0.0,0.0,0.0
54,0.0,0.0,0.0,0.0
55,0.0,0.0,0.0,0.0
56,0.0,0.0,0.0,0.0
57,0.0,0.0,0.0,0.0
58,0.0,0.0,0.0,0.0
59,0.0,0.0,0.0,0.0
60,0.0,0.0,0.0,0.0
61,0.0,0.0,0.0,0.0
62,0.0,0.0,0.0,0.0
63,0.0,0.0,0.0,0.0
64,0.0,0.0,0.0,0.0
65,0.0,0.0,0.0,0.0
66,0.0,0.0,0.0,0.0
67,0.0,0.0,0.0,0.0
71,1.0,1.0,0.0,0.0
72,0.0,0.0,0.0,0.0
73,0.0,0.0,0.0,0.0
74,0.0,0.0,0.0,0.0
75,0.0,0.0,0.0,0.0
76,0.0,0.0,0.0,0.0
77,0.0,0.0,0.0,0.0
82,11.0,11.0,0.0,0.0
86,0.0,0.0,0.0,0.0
93,1.0,1.0,0.0,0.0
95,0.0,0.0,0.0,0.0
96,0.0,0.0,0.0,0.0
99,5.0,5.0,1.0,1.0
100,0.0,0.0,0.0,0.0
101,0.0,0.0,0.0,0.0
107,0.0,0.0,0.0,0.0
108,0.0,0.0,0.0,0.0
109,25.0,25.0,1.0,1.0
110,0.0,0.0,0.0,0.0
111,0.0,0.0,0.0,0.0
112,0.0,0.0,0.0,0.0
113,0.0,0.0,0.0,0.0
114,0.0,0.0,0.0,0.0
115,0.0,0.0,0.0,0.0
116,0.0,0.0,0.0,0.0
119,0.0,0.0,0.0,0.0
120,0.0,0.0,0.0,0.0
121,0.0,0.0,0.0,0.0
122,0.0,0.0,0.0,0.0
123,0.0,0.0,0.0,0.0
124,0.0,0.0,0.0,0.0
125,0.0,0.0,0.0,0.0
126,0.0,0.0,0.0,0.0
127,0.0,0.0,0.0,0.0
128,0.0,0.0,0.0,0.0
129,0.0,0.0,0.0,0.0
130,0.0,0.0,0.0,0.0
131,0.0,0.0,0.0,0.0
132,0.0,0.0,0.0,0.0
133,0.0,0.0,0.0,0.0
134,0.0,0.0,0.0,0.0
135,0.0,0.0,0.0,0.0
136,0.0,0.0,0.0,0.0
137,0.0,0.0,0.0,0.0
138,0.0,0.0,0.0,0.0
139,0.0,0.0,0.0,0.0
140,0.0,0.0,0.0,0.0
141,0.0,0.0,0.0,0.0
142,0.0,0.0,0.0,0.0
143,0.0,0.0,0.0,0.0
144,0.0,0.0,0.0,0.0
145,0.0,0.0,0.0,0.0
146,0.0,0.0,0.0,0.0
147,0.0,0.0,0.0,0.0
148,0.0,0.0,0.0,0.0
149,0.0,0.0,0.0,0.0
150,0.0,0.0,0.0,0.0
151,0.0,0.0,0.0,0.0
152,0.0,0.0,0.0,0.0
153,0.0,0.0,0.0,0.0
154,0.0,0.0,0.0,0.0
155,0.0,0.0,0.0,0.0
156,0.0,0.0,0.0,0.0
157,0.0,0.0,0.0,0.0
158,0.0,0.0,0.0,0.0
159,0.0,0.0,0.0,0.0
160,0.0,0.0,0.0,0.0
161,0.0,0.0,0.0,0.0
162,0.0,0.0,0.0,0.0
163,0.0,0.0,0.0,0.0
164,0.0,0.0,0.0,0.0
165,0.0,0.0,0.0,0.0
166,0.0,0.0,0.0,0.0
167,0.0,0.0,0.0,0.0
168,0.0,0.0,0.0,0.0
169,0.0,0.0,0.0,0.0
170,0.0,0.0,0.0,0.0
171,0.0,0.0,0.0,0.0
172,0.0,0.0,0.0,0.0
187,0.0,0.0,0.0,0.0
188,1.0,1.0,2.0,2.0
189,0.0,0.0,0.0,0.0
190,0.0,0.0,0.0,0.0
191,0.0,0.0,0.0,0.0
193,0.0,0.0,0.0,0.0
195,0.0,0.0,0.0,0.0
196,0.0,0.0,0.0,0.0
197,0.0,0.0,0.0,0.0
198,15.0,15.0,0.0,0.0
199,0.0,0.0,0.0,0.0
200,0.0,0.0,0.0,0.0
201,0.0,0.0,0.0,0.0
202,0.0,0.0,0.0,0.0
215,0.0,0.0,1.0,1.0
219,0.0,0.0,0.0,0.0
220,0.0,0.0,0.0,0.0
221,0.0,0.0,0.0,0.0
222,5.0,5.0,4.0,4.0
223,10.0,10.0,8.0,8.0
224,5.0,5.0,4.0,4.0
225,0.0,0.0,0.0,0.0
226,0.0,0.0,0.0,0.0
227,5.0,5.0,4.0,4.0
228,5.0,5.0,4.0,4.0
229,0.0,0.0,0.0,0.0
230,0.0,0.0,0.0,0.0
231,0.0,0.0,0.0,0.0
246,8.0,8.0,1.0,1.0
249,23.0,23.0,1.0,1.0
250,0.0,0.0,0.0,0.0
251,0.0,0.0,0.0,0.0
252,0.0,0.0,0.0,0.0
253,0.0,0.0,0.0,0.0
254,0.0,0.0,0.0,0.0
255,0.0,0.0,0.0,0.0
256,0.0,0.0,0.0,0.0
257,0.0,0.0,0.0,0.0
258,8.0,8.0,3.0,3.0
304,0.0,0.0,0.0,0.0
305,0.0,0.0,0.0,0.0
306,0.0,0.0,0.0,0.0
307,12.0,12.0,10.0,10.0
308,0.0,0.0,0.0,0.0
309,0.0,0.0,0.0,0.0
310,0.0,0.0,0.0,0.0
311,0.0,0.0,0.0,0.0
312,0.0,0.0,0.0,0.0
313,0.0,0.0,0.0,0.0
314,0.0,0.0,0.0,0.0
315,0.0,0.0,0.0,0.0
316,0.0,0.0,0.0,0.0
317,0.0,0.0,0.0,0.0
321,4.0,4.0,2.0,2.0
329,0.0,0.0,1.0,1.0
331,0.0,0.0,0.0,0.0
333,0.0,0.0,0.0,0.0
334,0.0,0.0,0.0,0.0
335,0.0,0.0,0.0,0.0
336,0.0,0.0,0.0,0.0
367,2.0,2.0,4.0,4.0
368,0.0,0.0,0.0,0.0
369,0.0,0.0,0.0,0.0
371,0.0,0.0,0.0,0.0
372,0.0,0.0,0.0,0.0
377,0.0,0.0,0.0,0.0
378,0.0,0.0,0.0,0.0
384,21.0,21.0,8.0,8.0
385,0.0,0.0,0.0,0.0
386,0.0,0.0,0.0,0.0
387,0.0,0.0,0.0,0.0
388,0.0,0.0,0.0,0.0
389,15.0,15.0,0.0,0.0
390,15.0,15.0,0.0,0.0
391,0.0,0.0,0.0,0.0
396,0.0,0.0,0.0,0.0
397,0.0,0.0,0.0,0.0
401,2.0,2.0,1.0,1.0
402,0.0,0.0,0.0,0.0
405,0.0,0.0,0.0,0.0
407,0.0,0.0,0.0,0.0
409,2.0,2.0,2.0,2.0
412,0.0,0.0,0.0,0.0
416,0.0,0.0,0.0,0.0
421,1.0,1.0,2.0,2.0
425,0.0,0.0,0.0,0.0
426,0.0,0.0,0.0,0.0
428,4.0,4.0,2.0,2.0
429,0.0,0.0,0.0,0.0
430,0.0,0.0,0.0,0.0
431,0.0,0.0,0.0,0.0
432,0.0,0.0,0.0,0.0
433,0.0,0.0,0.0,0.0
437,0.0,0.0,0.0,0.0
445,1.0,1.0,1.0,1.0
451,0.0,0.0,2.0,2.0
458,2.0,2.0,1.0,1.0
466,0.0,0.0,0.0,0.0
484,1.0,1.0,4.0,4.0
491,1.0,1.0,1.0,1.0
497,0.0,0.0,0.0,0.0
498,0.0,0.0,0.0,0.0
500,1.0,1.0,6.0,6.0
501,0.0,0.0,0.0,0.0
502,0.0,0.0,0.0,0.0
510,5.0,5.0,1.0,1.0
511,0.0,0.0,0.0,0.0
517,0.0,0.0,0.0,0.0
518,33.0,33.0,3.0,3.0
519,0.0,0.0,0.0,0.0
520,0.0,0.0,0.0,0.0
521,0.0,0.0,0.0,0.0
523,0.0,0.0,0.0,0.0
525,0.0,0.0,0.0,0.0
526,0.0,0.0,0.0,0.0
527,0.0,0.0,0.0,0.0
528,0.0,0.0,0.0,0.0
529,2.0,2.0,0.0,0.0
534,0.0,0.0,0.0,0.0
535,0.0,0.0,0.0,0.0
537,0.0,0.0,0.0,0.0
539,4.0,4.0,1.0,1.0
548,0.0,0.0,1.0,1.0
559,1.0,1.0,1.0,1.0
577,1.0,1.0,1.0,1.0
587,1.0,1.0,1.0,1.0
591,1.0,1.0,1.0,1.0
597,0.0,0.0,0.0,0.0
